"--large-name13--","enlistWrite(Collection<? extends K>,GridCacheEntryEx<K,V>,long,boolean,Map<? extends K,? extends V>,Map<? extends K,? extends GridClosure<V,V>>,boolean,boolean,GridPredicate<GridCacheEntry<K,V>>[],GridCacheReturn<V>,Collection<K>,Map<? extends K,GridCacheDrInfo<V>>,Map<? extends K,GridCacheVersion>)"
"--large-name63--","GridCacheContext(GridKernalContext,GridCacheConfiguration,GridCacheMvccManager<K,V>,GridCacheVersionManager<K,V>,GridCacheEventManager<K,V>,GridCacheSwapManager<K,V>,GridCacheStoreManager<K,V>,GridCacheEvictionManager<K,V>,GridCacheQueryManager<K,V>,GridCacheContinuousQueryManager<K,V>,GridCacheAffinityManager<K,V>,GridCacheTxManager<K,V>,GridCacheDataStructuresManager<K,V>,GridCacheTtlManager<K,V>,GridCacheDrManager<K,V>,GridCacheJtaManagerAdapter<K,V>)"
"--large-name237--","GridNearAtomicUpdateRequest(int,UUID,GridCacheVersion,boolean,GridCacheVersion,AffinityTopologyVersion,boolean,CacheWriteSynchronizationMode,GridCacheOperation,boolean,ExpiryPolicy,Object[],CacheEntryPredicate[],UUID,int,boolean,boolean,boolean,boolean)"
"--large-name14--","GridNearAtomicUpdateFuture(GridCacheContext<K,V>,GridDhtAtomicCache<K,V>,GridCacheWriteSynchronizationMode,GridCacheOperation,Collection<? extends K>,Collection<?>,Collection<GridCacheDrInfo<V>>,Collection<GridCacheVersion>,boolean,boolean,GridCacheEntryEx<K,V>,long,GridPredicate<GridCacheEntry<K,V>>[])"
"--large-name171--","GridNearAtomicUpdateFuture(GridCacheContext,GridDhtAtomicCache,CacheWriteSynchronizationMode,GridCacheOperation,Collection<?>,Collection<?>,Object[],Collection<GridCacheDrInfo<?>>,Collection<GridCacheVersion>,boolean,boolean,ExpiryPolicy,CacheEntryPredicate[],UUID,int)"
"--large-name37--","VisorNodeSpisConfig(GridBiTuple<String,Map<String,Object>>,GridBiTuple<String,Map<String,Object>>,GridBiTuple<String,Map<String,Object>>,GridBiTuple<String,Map<String,Object>>,GridBiTuple<String,Map<String,Object>>,GridBiTuple<String,Map<String,Object>>,GridBiTuple<String,Map<String,Object>>,GridBiTuple<String,Map<String,Object>>[],GridBiTuple<String,Map<String,Object>>[],GridBiTuple<String,Map<String,Object>>[],GridBiTuple<String,Map<String,Object>>,GridBiTuple<String,Map<String,Object>>[])"
"--large-name148--","GridCacheQueryRequest(int,long,String,GridCacheQueryType,boolean,String,String,IgniteBiPredicate<Object,Object>,IgnitePredicate<Cache.Entry<Object,Object>>,IgniteReducer<Object,Object>,IgniteClosure<Object,Object>,int,boolean,Object[],boolean,boolean,UUID,int)"
"--large-name72--","updateWithBatch(ClusterNode,boolean,GridNearAtomicUpdateRequest<K,V>,GridNearAtomicUpdateResponse<K,V>,List<GridDhtCacheEntry<K,V>>,GridCacheVersion,GridDhtAtomicUpdateFuture<K,V>,CI2<GridNearAtomicUpdateRequest<K,V>,GridNearAtomicUpdateResponse<K,V>>,boolean,String)"
"--large-name155--","GridDhtTxRemote(GridCacheSharedContext<K,V>,UUID,IgniteUuid,UUID,long,long,GridCacheVersion,GridCacheVersion,boolean,TransactionConcurrency,TransactionIsolation,boolean,long,int,IgniteTxKey,GridCacheVersion,Map<UUID,Collection<UUID>>,UUID,int)"
"--large-name75--","enlistWrite(GridCacheContext<K,V>,Collection<? extends K>,GridCacheEntryEx<K,V>,long,boolean,Map<? extends K,? extends V>,Map<? extends K,? extends IgniteClosure<V,V>>,boolean,boolean,GridPredicate<GridCacheEntry<K,V>>[],GridCacheReturn<V>,Collection<K>,Map<? extends K,GridCacheDrInfo<V>>,Map<? extends K,GridCacheVersion>)"
"--large-name15--","GridJobExecuteRequest(GridUuid,GridUuid,String,String,String,byte[],GridComputeJob,long,long,Collection<UUID>,byte[],Collection<GridComputeJobSibling>,byte[],Map<Object,Object>,byte[],Map<? extends Serializable,? extends Serializable>,String,GridUuid,GridDeploymentMode,boolean,Map<UUID,GridUuid>,boolean,boolean,boolean)"
"--large-name152--","GridDhtTxFinishRequest(UUID,IgniteUuid,IgniteUuid,long,GridCacheVersion,GridCacheVersion,long,IgniteTxIsolation,boolean,boolean,boolean,boolean,boolean,boolean,GridCacheVersion,Collection<GridCacheVersion>,Collection<GridCacheVersion>,Collection<GridCacheVersion>,int,IgniteTxKey,UUID,int)"
"--large-name20--","GridCacheQueryRequest(long,String,GridCacheQueryType,boolean,String,String,GridBiPredicate<K,V>,GridPredicate<GridCacheEntry<K,V>>,GridReducer<Map.Entry<K,Object>,Object>,GridReducer<List<Object>,Object>,GridClosure<V,Object>,int,boolean,Object[],boolean)"
"--large-name244--","GridNearAtomicUpdateRequest(int,UUID,GridCacheVersion,boolean,GridCacheVersion,AffinityTopologyVersion,boolean,CacheWriteSynchronizationMode,GridCacheOperation,boolean,ExpiryPolicy,Object[],CacheEntryPredicate[],UUID,int,boolean,boolean,boolean,boolean,int)"
"--large-name36--","VisorNodeConfig(GridProductLicense,VisorNodeBasicConfig,VisorNodeMetricsConfig,VisorNodeSpisConfig,VisorNodePeerToPeerConfig,VisorNodeEmailConfig,VisorNodeLifecycleConfig,VisorNodeExecServiceConfig,VisorNodeSegmentationConfig,String,int[],VisorNodeRestConfig,Map<String,?>,Iterable<VisorNodeCacheConfig>,Iterable<VisorNodeGgfsConfig>,Iterable<VisorStreamerConfig>,Map<String,String>,Properties)"
"--large-name103--","GridDhtTxFinishRequest(UUID,IgniteUuid,IgniteUuid,long,GridCacheVersion,GridCacheVersion,long,IgniteTxIsolation,boolean,boolean,boolean,boolean,boolean,boolean,GridCacheVersion,Collection<GridCacheVersion>,Collection<GridCacheVersion>,Collection<GridCacheVersion>,int,Collection<GridCacheTxEntry<K,V>>,Collection<GridCacheTxEntry<K,V>>,Collection<GridCacheTxEntry<K,V>>,boolean,GridCacheTxKey,UUID,int)"
"--large-name197--","GridCacheContext(GridKernalContext,GridCacheSharedContext,CacheConfiguration,boolean,GridCacheEventManager,GridCacheSwapManager,GridCacheStoreManager,GridCacheEvictionManager,GridCacheQueryManager<K,V>,CacheContinuousQueryManager,GridCacheAffinityManager,CacheDataStructuresManager,GridCacheTtlManager,GridCacheDrManager,CacheJtaManagerAdapter,CacheConflictManager<K,V>)"
"--large-name124--","GridCacheContinuousQueryHandler(String,Object,IgniteBiPredicate<UUID,Collection<org.gridgain.grid.cache.query.GridCacheContinuousQueryEntry<K,V>>>,IgnitePredicate<org.gridgain.grid.cache.query.GridCacheContinuousQueryEntry<K,V>>,IgnitePredicate<GridCacheEntry<K,V>>,boolean,boolean,boolean)"
"--large-name107--","GridNearAtomicUpdateFuture(GridCacheContext<K,V>,GridDhtAtomicCache<K,V>,GridCacheWriteSynchronizationMode,GridCacheOperation,Collection<? extends K>,Collection<?>,Collection<GridCacheDrInfo<V>>,Collection<GridCacheVersion>,boolean,boolean,GridCacheEntryEx<K,V>,ExpiryPolicy,IgnitePredicate<GridCacheEntry<K,V>>[],UUID,int)"
"--large-name93--","GridJobExecuteRequestV2(IgniteUuid,IgniteUuid,String,String,String,byte[],ComputeJob,long,long,Collection<UUID>,byte[],Collection<ComputeJobSibling>,byte[],Map<Object,Object>,byte[],Map<? extends Serializable,? extends Serializable>,String,IgniteUuid,GridDeploymentMode,boolean,Map<UUID,IgniteUuid>,boolean,boolean,boolean,UUID)"
"--large-name49--","updateWithBatch(UUID,boolean,GridNearAtomicUpdateRequest<K,V>,GridNearAtomicUpdateResponse<K,V>,List<GridDhtCacheEntry<K,V>>,GridCacheVersion,GridDhtAtomicUpdateFuture<K,V>,CI2<GridNearAtomicUpdateRequest<K,V>,GridNearAtomicUpdateResponse<K,V>>,boolean,String)"
"--large-name56--","updateSingle(GridNode,boolean,GridNearAtomicUpdateRequest<K,V>,GridNearAtomicUpdateResponse<K,V>,List<GridDhtCacheEntry<K,V>>,GridCacheVersion,GridDhtAtomicUpdateFuture<K,V>,CI2<GridNearAtomicUpdateRequest<K,V>,GridNearAtomicUpdateResponse<K,V>>,boolean,String)"
"--large-name200--","GridCacheContext(GridKernalContext,GridCacheSharedContext,CacheConfiguration,boolean,GridCacheEventManager,GridCacheSwapManager,GridCacheStoreManager,GridCacheEvictionManager,GridCacheQueryManager<K,V>,CacheContinuousQueryManager,GridCacheAffinityManager,CacheDataStructuresManager,GridCacheTtlManager,GridCacheDrManager,CacheJtaManagerAdapter,CacheConflictResolutionManager<K,V>,CachePluginManager)"
"--large-name34--","VisorConfiguration(GridProductLicense,VisorBasicConfig,VisorMetricsConfig,VisorSpisConfig,VisorPeerToPeerConfig,VisorEmailConfig,VisorLifecycleConfig,VisorExecServiceConfig,VisorSegmentationConfig,String,int[],VisorRestConfig,Map<String,?>,Iterable<VisorCacheConfig>,Map<String,String>,Properties)"
"--large-name119--","GridNearAtomicUpdateFuture(GridCacheContext<K,V>,GridDhtAtomicCache<K,V>,GridCacheWriteSynchronizationMode,GridCacheOperation,Collection<? extends K>,Collection<?>,Object[],Collection<GridCacheDrInfo<V>>,Collection<GridCacheVersion>,boolean,boolean,GridCacheEntryEx<K,V>,ExpiryPolicy,IgnitePredicate<GridCacheEntry<K,V>>[],UUID,int)"
"--large-name44--","GridCacheQueryRequest(long,String,GridCacheQueryType,boolean,String,String,GridBiPredicate<Object,Object>,GridPredicate<GridCacheEntry<Object,Object>>,GridReducer<Object,Object>,GridClosure<Object,Object>,int,boolean,Object[],boolean,boolean)"
"--large-name133--","enlistWrite(GridCacheContext<K,V>,Collection<? extends K>,GridCacheEntryEx<K,V>,ExpiryPolicy,boolean,Map<? extends K,? extends V>,Map<? extends K,EntryProcessor<K,V,Object>>,Object[],boolean,boolean,IgnitePredicate<CacheEntry<K,V>>[],GridCacheReturn<V>,Collection<K>,Map<? extends K,GridCacheDrInfo<V>>,Map<? extends K,GridCacheVersion>)"
"--large-name51--","GridNearTxFinishRequest(GridUuid,GridCacheVersion,long,boolean,boolean,boolean,long,GridCacheVersion,Collection<GridCacheVersion>,Collection<GridCacheVersion>,int,Collection<GridCacheTxEntry<K,V>>,Collection<GridCacheTxEntry<K,V>>,boolean,UUID,int)"
"--large-name251--","GridKernalContextImpl(GridLoggerProxy,IgniteEx,IgniteConfiguration,GridKernalGateway,ExecutorService,ExecutorService,ExecutorService,ExecutorService,ExecutorService,ExecutorService,ExecutorService,ExecutorService,IgniteStripedThreadPoolExecutor,List<PluginProvider>)"
"--large-name67--","GridDistributedTxFinishRequest(GridCacheVersion,GridUuid,GridCacheVersion,long,boolean,boolean,boolean,boolean,GridCacheVersion,Collection<GridCacheVersion>,Collection<GridCacheVersion>,int,Collection<GridCacheTxEntry<K,V>>,Collection<GridCacheTxEntry<K,V>>,GridCacheTxKey)"
"--large-name90--","GridJobExecuteRequest(IgniteUuid,IgniteUuid,String,String,String,byte[],ComputeJob,long,long,Collection<UUID>,byte[],Collection<GridComputeJobSibling>,byte[],Map<Object,Object>,byte[],Map<? extends Serializable,? extends Serializable>,String,IgniteUuid,GridDeploymentMode,boolean,Map<UUID,IgniteUuid>,boolean,boolean,boolean)"
"--large-name180--","GridDhtTxLocal(GridCacheSharedContext,UUID,GridCacheVersion,IgniteUuid,IgniteUuid,long,boolean,boolean,boolean,GridIoPolicy,TransactionConcurrency,TransactionIsolation,long,boolean,boolean,int,IgniteTxKey,boolean,Map<UUID,Collection<UUID>>,UUID,int)"
"--large-name26--","ComplexTestObject(byte,short,int,long,float,double,char,boolean,Byte,Short,Integer,Long,Float,Double,Character,Boolean,byte[],short[],int[],long[],float[],double[],char[],boolean[],ExternalizableTestObject1[],String,TestEnum,UUID,Properties,ArrayList<Integer>,HashMap<Integer,String>,HashSet<Integer>,LinkedList<Integer>,LinkedHashMap<Integer,String>,LinkedHashSet<Integer>,Date,Class<?>)"
"--large-name258--","setManagers(List<GridCacheSharedManager<K,V>>,IgniteTxManager,CacheJtaManagerAdapter,GridCacheVersionManager,GridCacheMvccManager,GridCacheDeploymentManager<K,V>,GridCachePartitionExchangeManager<K,V>,CacheAffinitySharedManager,GridCacheIoManager,GridCacheSharedTtlCleanupManager)"
"--large-name230--","updatePartialBatch(boolean,int,List<GridDhtCacheEntry>,GridCacheVersion,ClusterNode,List<CacheObject>,Map<Object,Object>,Collection<Object>,Map<KeyCacheObject,EntryProcessor<Object,Object,Object>>,GridDhtAtomicUpdateFuture,CI2<GridNearAtomicUpdateRequest,GridNearAtomicUpdateResponse>,GridNearAtomicUpdateRequest,GridNearAtomicUpdateResponse,boolean,UpdateBatchResult,String,IgniteCacheExpiryPolicy,boolean)"
"--large-name223--","GridCacheQueryRequest(int,long,String,GridCacheQueryType,boolean,String,String,IgniteBiPredicate<Object,Object>,Integer,IgniteReducer<Object,Object>,IgniteClosure<Object,Object>,int,boolean,Object[],boolean,boolean,UUID,int,AffinityTopologyVersion,boolean)"
"--large-name9--","GridReplicatedTxRemote(ClassLoader,UUID,long,GridCacheVersion,GridCacheVersion,GridCacheTxConcurrency,GridCacheTxIsolation,boolean,long,Collection<GridCacheTxEntry<K,V>>,Collection<GridCacheTxEntry<K,V>>,GridCacheContext<K,V>,int,Map<UUID,Collection<UUID>>,Object)"
"--large-name233--","GridNioServer(InetAddress,int,IgniteLogger,int,String,boolean,boolean,ByteOrder,GridNioServerListener<T>,int,int,int,boolean,boolean,GridNioMetricsListener,GridNioMessageWriterFactory,IgnitePredicate<Message>,IgniteBiInClosure<GridNioSession,Integer>,GridNioFilter)"
"--large-name95--","GridJobExecuteRequest(IgniteUuid,IgniteUuid,String,String,String,byte[],ComputeJob,long,long,Collection<UUID>,byte[],Collection<ComputeJobSibling>,byte[],Map<Object,Object>,byte[],Map<? extends Serializable,? extends Serializable>,String,IgniteUuid,IgniteDeploymentMode,boolean,Map<UUID,IgniteUuid>,boolean,boolean,boolean)"
"--large-name129--","GridCacheContext(GridKernalContext,GridCacheSharedContext,CacheConfiguration,GridCacheEventManager<K,V>,GridCacheSwapManager<K,V>,GridCacheStoreManager<K,V>,GridCacheEvictionManager<K,V>,GridCacheQueryManager<K,V>,GridCacheContinuousQueryManager<K,V>,GridCacheAffinityManager<K,V>,GridCacheDataStructuresManager<K,V>,GridCacheTtlManager<K,V>,GridCacheDrManager<K,V>,CacheJtaManagerAdapter<K,V>)"
"--large-name234--","innerUpdate(GridCacheVersion,UUID,UUID,GridCacheOperation,Object,Object[],boolean,boolean,boolean,boolean,IgniteCacheExpiryPolicy,boolean,boolean,boolean,boolean,AffinityTopologyVersion,CacheEntryPredicate[],GridDrType,long,long,GridCacheVersion,boolean,boolean,UUID,String)"
"--large-name54--","GridJobExecuteRequestV2(GridUuid,GridUuid,String,String,String,byte[],GridComputeJob,long,long,Collection<UUID>,byte[],Collection<GridComputeJobSibling>,byte[],Map<Object,Object>,byte[],Map<? extends Serializable,? extends Serializable>,String,GridUuid,GridDeploymentMode,boolean,Map<UUID,GridUuid>,boolean,boolean,boolean,UUID)"
"--large-name80--","enlistWrite(GridCacheContext<K,V>,Collection<? extends K>,GridCacheEntryEx<K,V>,long,boolean,Map<? extends K,? extends V>,Map<? extends K,? extends IgniteClosure<V,V>>,boolean,boolean,IgnitePredicate<GridCacheEntry<K,V>>[],GridCacheReturn<V>,Collection<K>,Map<? extends K,GridCacheDrInfo<V>>,Map<? extends K,GridCacheVersion>)"
"--large-name77--","updatePartialBatch(boolean,int,List<GridDhtCacheEntry<K,V>>,GridCacheVersion,ClusterNode,Map<K,V>,Collection<K>,Map<K,IgniteClosure<V,V>>,GridDhtAtomicUpdateFuture<K,V>,CI2<GridNearAtomicUpdateRequest<K,V>,GridNearAtomicUpdateResponse<K,V>>,GridNearAtomicUpdateRequest<K,V>,GridNearAtomicUpdateResponse<K,V>,boolean,UpdateBatchResult<K,V>,String)"
"--large-name35--","VisorNodeCacheConfig(String,GridCacheMode,GridCacheDistributionMode,GridCacheAtomicityMode,int,GridCacheAtomicWriteOrderMode,long,boolean,double,GridCacheWriteSynchronizationMode,int,boolean,boolean,boolean,boolean,int,String,String,boolean,long,int,int,int,int,GridCacheMemoryMode,String,VisorAffinityConfig,VisorPreloadConfig,VisorEvictionConfig,VisorNearCacheConfig,VisorDefaultConfig,VisorDgcConfig,VisorStoreConfig,VisorWriteBehindConfig,VisorNodeCacheDrSenderConfig,VisorNodeCacheDrReceiverConfig)"
"--large-name206--","enlistWrite(GridCacheContext,Collection<?>,GridCacheEntryEx,ExpiryPolicy,boolean,Map<?,?>,Map<?,EntryProcessor<K,V,Object>>,Object[],boolean,boolean,CacheEntryPredicate[],GridCacheReturn,Collection<KeyCacheObject>,Map<KeyCacheObject,GridCacheDrInfo>,Map<KeyCacheObject,GridCacheVersion>,boolean)"
"--large-name145--","enlistWrite(GridCacheContext<K,V>,Collection<? extends K>,GridCacheEntryEx<K,V>,ExpiryPolicy,boolean,Map<? extends K,? extends V>,Map<? extends K,EntryProcessor<K,V,Object>>,Object[],boolean,boolean,IgnitePredicate<Entry<K,V>>[],GridCacheReturn<V>,Collection<K>,Map<? extends K,GridCacheDrInfo<V>>,Map<? extends K,GridCacheVersion>)"
"--large-name30--","GridNearTxFinishRequest(GridUuid,GridCacheVersion,long,boolean,boolean,boolean,long,GridCacheVersion,Collection<GridCacheVersion>,Collection<GridCacheVersion>,int,Collection<GridCacheTxEntry<K,V>>,Collection<GridCacheTxEntry<K,V>>,boolean,UUID)"
"--large-name139--","GridCacheContext(GridKernalContext,GridCacheSharedContext,CacheConfiguration,GridCacheEventManager<K,V>,GridCacheSwapManager<K,V>,GridCacheStoreManager<K,V>,GridCacheEvictionManager<K,V>,GridCacheQueryManager<K,V>,GridCacheContinuousQueryManager<K,V>,GridCacheAffinityManager<K,V>,CacheDataStructuresManager<K,V>,GridCacheTtlManager<K,V>,GridCacheDrManager<K,V>,IgniteCacheSerializationManager<K,V>,CacheJtaManagerAdapter<K,V>)"
"--large-name111--","updateSingle(ClusterNode,boolean,GridNearAtomicUpdateRequest<K,V>,GridNearAtomicUpdateResponse<K,V>,List<GridDhtCacheEntry<K,V>>,GridCacheVersion,GridDhtAtomicUpdateFuture<K,V>,CI2<GridNearAtomicUpdateRequest<K,V>,GridNearAtomicUpdateResponse<K,V>>,boolean,String,GridCacheExpiryPolicy)"
"--large-name55--","updatePartialBatch(boolean,int,List<GridDhtCacheEntry<K,V>>,GridCacheVersion,GridNode,Map<K,V>,Collection<K>,Map<K,GridClosure<V,V>>,GridDhtAtomicUpdateFuture<K,V>,CI2<GridNearAtomicUpdateRequest<K,V>,GridNearAtomicUpdateResponse<K,V>>,GridNearAtomicUpdateRequest<K,V>,GridNearAtomicUpdateResponse<K,V>,boolean,UpdateBatchResult<K,V>,String)"
"--large-name178--","GridCacheContext(GridKernalContext,GridCacheSharedContext,CacheConfiguration,GridCacheEventManager,GridCacheSwapManager,GridCacheStoreManager,GridCacheEvictionManager<K,V>,GridCacheQueryManager<K,V>,CacheContinuousQueryManager,GridCacheAffinityManager,CacheDataStructuresManager,GridCacheTtlManager,GridCacheDrManager,CacheJtaManagerAdapter)"
"--large-name147--","GridNearAtomicUpdateFuture(GridCacheContext<K,V>,GridDhtAtomicCache<K,V>,CacheWriteSynchronizationMode,GridCacheOperation,Collection<? extends K>,Collection<?>,Object[],Collection<GridCacheDrInfo<V>>,Collection<GridCacheVersion>,boolean,boolean,GridCacheEntryEx<K,V>,ExpiryPolicy,IgnitePredicate<Cache.Entry<K,V>>[],UUID,int)"
"--large-name101--","GridNearTxFinishRequest(IgniteUuid,GridCacheVersion,long,boolean,boolean,boolean,boolean,boolean,boolean,long,GridCacheVersion,Collection<GridCacheVersion>,Collection<GridCacheVersion>,int,Collection<GridCacheTxEntry<K,V>>,Collection<GridCacheTxEntry<K,V>>,UUID,int)"
"--large-name102--","GridNearTxFinishRequest(IgniteUuid,GridCacheVersion,long,boolean,boolean,boolean,boolean,boolean,boolean,boolean,long,GridCacheVersion,Collection<GridCacheVersion>,Collection<GridCacheVersion>,int,Collection<GridCacheTxEntry<K,V>>,Collection<GridCacheTxEntry<K,V>>,UUID,int)"
"--large-name209--","GridDhtTxRemote(GridCacheSharedContext,UUID,IgniteUuid,UUID,long,AffinityTopologyVersion,GridCacheVersion,GridCacheVersion,boolean,GridIoPolicy,TransactionConcurrency,TransactionIsolation,boolean,long,int,GridCacheVersion,Map<UUID,Collection<UUID>>,UUID,int)"
"--large-name61--","GridDhtTxFinishRequest(UUID,GridUuid,GridUuid,long,GridCacheVersion,GridCacheVersion,long,GridCacheTxIsolation,boolean,boolean,boolean,GridCacheVersion,Collection<GridCacheVersion>,Collection<GridCacheVersion>,Collection<GridCacheVersion>,int,Collection<GridCacheTxEntry<K,V>>,Collection<GridCacheTxEntry<K,V>>,Collection<GridCacheTxEntry<K,V>>,boolean,boolean,GridCacheTxKey,UUID,int)"
"--large-name204--","GridNearTxPrepareRequest(IgniteUuid,AffinityTopologyVersion,IgniteInternalTx,Collection<IgniteTxEntry>,Collection<IgniteTxEntry>,IgniteTxKey,boolean,boolean,Map<UUID,Collection<UUID>>,boolean,Collection<UUID>,boolean,boolean,boolean,boolean,UUID,int)"
"--large-name69--","GridNearTxFinishRequest(GridUuid,GridCacheVersion,long,boolean,boolean,boolean,boolean,boolean,long,GridCacheVersion,Collection<GridCacheVersion>,Collection<GridCacheVersion>,int,Collection<GridCacheTxEntry<K,V>>,Collection<GridCacheTxEntry<K,V>>,UUID,int)"
"--large-name25--","updateWithBatch(UUID,boolean,GridNearAtomicUpdateRequest<K,V>,GridNearAtomicUpdateResponse<K,V>,List<GridDhtCacheEntry<K,V>>,GridCacheVersion,GridDhtAtomicUpdateFuture<K,V>,CI2<GridNearAtomicUpdateRequest<K,V>,GridNearAtomicUpdateResponse<K,V>>,boolean)"
"--large-name216--","GridCacheSharedContext(GridKernalContext,IgniteTxManager,GridCacheVersionManager,GridCacheMvccManager,GridCacheDeploymentManager<K,V>,GridCachePartitionExchangeManager<K,V>,GridCacheIoManager,Collection<CacheStoreSessionListener>,CacheJtaManagerAdapter)"
"--large-name217--","GridCacheSharedContext(GridKernalContext,IgniteTxManager,GridCacheVersionManager,GridCacheMvccManager,GridCacheDeploymentManager<K,V>,GridCachePartitionExchangeManager<K,V>,GridCacheIoManager,CacheJtaManagerAdapter,Collection<CacheStoreSessionListener>)"
"--large-name115--","updateSingle(ClusterNode,boolean,GridNearAtomicUpdateRequest<K,V>,GridNearAtomicUpdateResponse<K,V>,List<GridDhtCacheEntry<K,V>>,GridCacheVersion,GridDhtAtomicUpdateFuture<K,V>,CI2<GridNearAtomicUpdateRequest<K,V>,GridNearAtomicUpdateResponse<K,V>>,boolean,String,IgniteCacheExpiryPolicy)"
"--large-name212--","GridDhtTxFinishRequest(UUID,IgniteUuid,IgniteUuid,AffinityTopologyVersion,GridCacheVersion,GridCacheVersion,long,TransactionIsolation,boolean,boolean,boolean,byte,boolean,boolean,boolean,GridCacheVersion,Collection<GridCacheVersion>,Collection<GridCacheVersion>,Collection<GridCacheVersion>,int,UUID,int)"
"--large-name240--","updatePartialBatch(boolean,int,List<GridDhtCacheEntry>,GridCacheVersion,ClusterNode,List<CacheObject>,Map<KeyCacheObject,CacheObject>,Collection<KeyCacheObject>,Map<KeyCacheObject,EntryProcessor<Object,Object,Object>>,GridDhtAtomicUpdateFuture,CI2<GridNearAtomicUpdateRequest,GridNearAtomicUpdateResponse>,GridNearAtomicUpdateRequest,GridNearAtomicUpdateResponse,boolean,UpdateBatchResult,String,IgniteCacheExpiryPolicy,boolean)"
"--large-name146--","innerUpdate(GridCacheVersion,UUID,UUID,GridCacheOperation,Object,byte[],Object[],boolean,boolean,IgniteCacheExpiryPolicy,boolean,boolean,boolean,boolean,IgnitePredicate<Cache.Entry<K,V>>[],GridDrType,long,long,GridCacheVersion,boolean,boolean,UUID,String)"
"--large-name22--","updatePartialBatch(boolean,int,List<GridDhtCacheEntry<K,V>>,GridCacheVersion,UUID,Map<K,V>,Collection<K>,GridDhtAtomicUpdateFuture<K,V>,GridNearAtomicUpdateRequest<K,V>,GridNearAtomicUpdateResponse<K,V>,boolean,Collection<GridBiTuple<GridDhtCacheEntry<K,V>,GridCacheVersion>>)"
"--large-name221--","GridNearAtomicUpdateRequest(int,UUID,GridCacheVersion,boolean,GridCacheVersion,AffinityTopologyVersion,boolean,CacheWriteSynchronizationMode,GridCacheOperation,boolean,ExpiryPolicy,Object[],CacheEntryPredicate[],UUID,int,boolean,boolean,boolean)"
"--large-name81--","updateAllAsync0(Map<? extends K,? extends V>,Map<? extends K,? extends IgniteClosure<V,V>>,Map<? extends K,GridCacheDrInfo<V>>,Map<? extends K,GridCacheVersion>,boolean,boolean,GridCacheEntryEx<K,V>,long,IgnitePredicate<GridCacheEntry<K,V>>[])"
"--large-name195--","GridCacheContext(GridKernalContext,GridCacheSharedContext,CacheConfiguration,GridCacheEventManager,GridCacheSwapManager,GridCacheStoreManager,GridCacheEvictionManager,GridCacheQueryManager<K,V>,CacheContinuousQueryManager,GridCacheAffinityManager,CacheDataStructuresManager,GridCacheTtlManager,GridCacheDrManager,CacheJtaManagerAdapter,CacheConflictResolverManager<K,V>)"
"--large-name31--","GridNearAtomicUpdateFuture(GridCacheContext<K,V>,GridDhtAtomicCache<K,V>,GridCacheWriteSynchronizationMode,GridCacheOperation,Collection<? extends K>,Collection<?>,Collection<GridCacheDrInfo<V>>,Collection<GridCacheVersion>,boolean,boolean,GridCacheEntryEx<K,V>,long,GridPredicate<GridCacheEntry<K,V>>[],UUID)"
"--large-name144--","GridCacheContinuousQueryHandler(String,Object,IgniteBiPredicate<UUID,Collection<CacheContinuousQueryEntry<K,V>>>,IgnitePredicate<CacheContinuousQueryEntry<K,V>>,IgnitePredicate<Entry<K,V>>,boolean,boolean,boolean,boolean,boolean,int,boolean)"
"--large-name73--","GridCacheQueryRequest(int,long,String,GridCacheQueryType,boolean,String,String,IgniteBiPredicate<Object,Object>,GridPredicate<GridCacheEntry<Object,Object>>,GridReducer<Object,Object>,GridClosure<Object,Object>,int,boolean,Object[],boolean,boolean,UUID,int)"
"--large-name245--","GridCacheSharedContext(GridKernalContext,IgniteTxManager,GridCacheVersionManager,GridCacheMvccManager,GridCacheDeploymentManager<K,V>,GridCachePartitionExchangeManager<K,V>,CacheAffinitySharedManager<K,V>,GridCacheIoManager,CacheJtaManagerAdapter,Collection<CacheStoreSessionListener>)"
"--large-name246--","setManagers(List<GridCacheSharedManager<K,V>>,IgniteTxManager,CacheJtaManagerAdapter,GridCacheVersionManager,GridCacheMvccManager,GridCacheDeploymentManager<K,V>,GridCachePartitionExchangeManager<K,V>,CacheAffinitySharedManager,GridCacheIoManager)"
"--large-name12--","GridNearAtomicUpdateFuture(GridCacheContext<K,V>,GridDhtAtomicCache<K,V>,GridCacheWriteSynchronizationMode,GridCacheOperation,Collection<? extends K>,Collection<?>,Collection<GridCacheDrInfo<V>>,Collection<GridCacheVersion>,boolean,boolean,GridCacheEntryEx<K,V>,long,GridPredicate<? super GridCacheEntry<K,V>>[])"
"--large-name186--","GridNearTxPrepareRequest(IgniteUuid,AffinityTopologyVersion,IgniteInternalTx<K,V>,Collection<IgniteTxEntry<K,V>>,Collection<IgniteTxEntry<K,V>>,IgniteTxKey,boolean,boolean,Map<UUID,Collection<UUID>>,boolean,Collection<UUID>,boolean,boolean,boolean,UUID,int)"
"--large-name211--","GridNioServer(InetAddress,int,IgniteLogger,int,String,boolean,boolean,ByteOrder,GridNioServerListener<T>,int,int,int,boolean,boolean,GridNioMetricsListener,MessageFormatter,IgnitePredicate<Message>,IgniteBiInClosure<GridNioSession,Integer>,GridNioFilter)"
"--large-name256--","GridDhtTxFinishRequest(UUID,IgniteUuid,IgniteUuid,AffinityTopologyVersion,GridCacheVersion,GridCacheVersion,long,TransactionIsolation,boolean,boolean,boolean,byte,boolean,boolean,boolean,GridCacheVersion,Collection<GridCacheVersion>,Collection<GridCacheVersion>,Collection<GridCacheVersion>,int,UUID,int,boolean,boolean,boolean)"
"--large-name191--","GridDhtTxRemote(GridCacheSharedContext,UUID,IgniteUuid,UUID,GridCacheVersion,long,AffinityTopologyVersion,GridCacheVersion,GridCacheVersion,boolean,GridIoPolicy,TransactionConcurrency,TransactionIsolation,boolean,long,int,IgniteTxKey,UUID,int)"
"--large-name203--","GridDhtTxLocal(GridCacheSharedContext,UUID,GridCacheVersion,IgniteUuid,IgniteUuid,long,boolean,boolean,boolean,boolean,GridIoPolicy,TransactionConcurrency,TransactionIsolation,long,boolean,boolean,int,IgniteTxKey,boolean,Map<UUID,Collection<UUID>>,UUID,int)"
"--large-name199--","GridCacheContext(GridKernalContext,GridCacheSharedContext,CacheConfiguration,boolean,GridCacheEventManager,GridCacheSwapManager,GridCacheStoreManager,GridCacheEvictionManager,GridCacheQueryManager<K,V>,CacheContinuousQueryManager,GridCacheAffinityManager,CacheDataStructuresManager,GridCacheTtlManager,GridCacheDrManager,CacheJtaManagerAdapter,CacheConflictResolutionManager<K,V>)"
"--large-name174--","GridNearAtomicUpdateFuture(GridCacheContext,GridDhtAtomicCache,CacheWriteSynchronizationMode,GridCacheOperation,Collection<?>,Collection<?>,Object[],Collection<GridCacheDrInfo>,Collection<GridCacheVersion>,boolean,boolean,ExpiryPolicy,CacheEntryPredicate[],UUID,int)"
"--large-name202--","GridCacheContext(GridKernalContext,GridCacheSharedContext,CacheConfiguration,CacheType,boolean,GridCacheEventManager,GridCacheSwapManager,CacheStoreManager,GridCacheEvictionManager,GridCacheQueryManager<K,V>,CacheContinuousQueryManager,GridCacheAffinityManager,CacheDataStructuresManager,GridCacheTtlManager,GridCacheDrManager,CacheJtaManagerAdapter,CacheConflictResolutionManager<K,V>,CachePluginManager)"
"--large-name158--","GridDhtTxLocal(GridCacheSharedContext<K,V>,UUID,GridCacheVersion,IgniteUuid,IgniteUuid,long,boolean,boolean,boolean,GridIoPolicy,TransactionConcurrency,TransactionIsolation,long,boolean,boolean,int,IgniteTxKey,boolean,Map<UUID,Collection<UUID>>,UUID,int)"
"--large-name164--","updatePartialBatch(boolean,int,List<GridDhtCacheEntry>,GridCacheVersion,ClusterNode,Map<K,V>,Collection<K>,Map<K,EntryProcessor<K,V,?>>,GridDhtAtomicUpdateFuture,CI2<GridNearAtomicUpdateRequest,GridNearAtomicUpdateResponse>,GridNearAtomicUpdateRequest,GridNearAtomicUpdateResponse,boolean,UpdateBatchResult<K,V>,String,IgniteCacheExpiryPolicy)"
"--large-name86--","GridJobExecuteRequestV2(IgniteUuid,IgniteUuid,String,String,String,byte[],GridComputeJob,long,long,Collection<UUID>,byte[],Collection<GridComputeJobSibling>,byte[],Map<Object,Object>,byte[],Map<? extends Serializable,? extends Serializable>,String,IgniteUuid,GridDeploymentMode,boolean,Map<UUID,IgniteUuid>,boolean,boolean,boolean,UUID)"
"--large-name168--","updatePartialBatch(boolean,int,List<GridDhtCacheEntry>,GridCacheVersion,ClusterNode,Map<KeyCacheObject,CacheObject>,Collection<KeyCacheObject>,Map<KeyCacheObject,EntryProcessor<Object,Object,Object>>,GridDhtAtomicUpdateFuture,CI2<GridNearAtomicUpdateRequest,GridNearAtomicUpdateResponse>,GridNearAtomicUpdateRequest,GridNearAtomicUpdateResponse,boolean,UpdateBatchResult,String,IgniteCacheExpiryPolicy)"
"--large-name215--","GridCacheContext(GridKernalContext,GridCacheSharedContext,CacheConfiguration,CacheType,boolean,boolean,GridCacheEventManager,GridCacheSwapManager,CacheStoreManager,GridCacheEvictionManager,GridCacheQueryManager<K,V>,CacheContinuousQueryManager,GridCacheAffinityManager,CacheDataStructuresManager,GridCacheTtlManager,GridCacheDrManager,CacheConflictResolutionManager<K,V>,CachePluginManager)"
"--large-name39--","VisorCacheConfig(String,GridCacheMode,GridCacheDistributionMode,GridCacheAtomicityMode,int,GridCacheAtomicWriteOrderMode,long,boolean,double,GridCacheWriteSynchronizationMode,int,boolean,boolean,boolean,boolean,int,String,String,boolean,long,int,int,int,int,GridCacheMemoryMode,String,VisorAffinityConfig,VisorPreloadConfig,VisorEvictionConfig,VisorNearCacheConfig,VisorDefaultConfig,VisorDgcConfig,VisorStoreConfig,VisorWriteBehindConfig,VisorDrSenderConfig,VisorDrReceiverConfig)"
"--large-name184--","GridDhtTxPrepareRequest(IgniteUuid,IgniteUuid,AffinityTopologyVersion,GridDhtTxLocalAdapter<K,V>,Collection<IgniteTxEntry<K,V>>,Collection<IgniteTxEntry<K,V>>,IgniteTxKey,boolean,Map<UUID,Collection<UUID>>,GridCacheVersion,boolean,boolean,UUID,int)"
"--large-name64--","GridDhtTxLocal(UUID,GridCacheVersion,GridUuid,GridUuid,long,boolean,boolean,GridCacheSharedContext<K,V>,GridCacheTxConcurrency,GridCacheTxIsolation,long,boolean,boolean,boolean,boolean,int,GridCacheTxKey,boolean,Map<UUID,Collection<UUID>>,UUID,int)"
"--large-name117--","innerUpdate(GridCacheVersion,UUID,UUID,GridCacheOperation,Object,byte[],Object[],boolean,boolean,IgniteCacheExpiryPolicy,boolean,boolean,boolean,boolean,IgnitePredicate<GridCacheEntry<K,V>>[],GridDrType,long,long,GridCacheVersion,boolean,boolean,UUID,String)"
"--large-name114--","updatePartialBatch(boolean,int,List<GridDhtCacheEntry<K,V>>,GridCacheVersion,ClusterNode,Map<K,V>,Collection<K>,Map<K,IgniteClosure<V,V>>,GridDhtAtomicUpdateFuture<K,V>,CI2<GridNearAtomicUpdateRequest<K,V>,GridNearAtomicUpdateResponse<K,V>>,GridNearAtomicUpdateRequest<K,V>,GridNearAtomicUpdateResponse<K,V>,boolean,UpdateBatchResult<K,V>,String,IgniteCacheExpiryPolicy)"
"--large-name96--","GridJobExecuteRequestV2(IgniteUuid,IgniteUuid,String,String,String,byte[],ComputeJob,long,long,Collection<UUID>,byte[],Collection<ComputeJobSibling>,byte[],Map<Object,Object>,byte[],Map<? extends Serializable,? extends Serializable>,String,IgniteUuid,IgniteDeploymentMode,boolean,Map<UUID,IgniteUuid>,boolean,boolean,boolean,UUID)"
"--large-name92--","GridJobExecuteRequest(IgniteUuid,IgniteUuid,String,String,String,byte[],ComputeJob,long,long,Collection<UUID>,byte[],Collection<ComputeJobSibling>,byte[],Map<Object,Object>,byte[],Map<? extends Serializable,? extends Serializable>,String,IgniteUuid,GridDeploymentMode,boolean,Map<UUID,IgniteUuid>,boolean,boolean,boolean)"
"--large-name181--","GridDhtTxRemote(GridCacheSharedContext,UUID,IgniteUuid,UUID,long,long,GridCacheVersion,GridCacheVersion,boolean,GridIoPolicy,TransactionConcurrency,TransactionIsolation,boolean,long,int,IgniteTxKey,GridCacheVersion,Map<UUID,Collection<UUID>>,UUID,int)"
"--large-name229--","GridDhtTxFinishRequest(UUID,IgniteUuid,IgniteUuid,AffinityTopologyVersion,GridCacheVersion,GridCacheVersion,long,TransactionIsolation,boolean,boolean,boolean,byte,boolean,boolean,boolean,GridCacheVersion,Collection<GridCacheVersion>,Collection<GridCacheVersion>,Collection<GridCacheVersion>,int,UUID,int,boolean,Collection<Long>)"
"--large-name255--","GridDhtTxFinishRequest(UUID,IgniteUuid,IgniteUuid,AffinityTopologyVersion,GridCacheVersion,GridCacheVersion,long,TransactionIsolation,boolean,boolean,boolean,byte,boolean,boolean,boolean,GridCacheVersion,Collection<GridCacheVersion>,Collection<GridCacheVersion>,Collection<GridCacheVersion>,int,UUID,int,boolean,Collection<Long>,boolean,boolean)"
"--large-name2--","GridCacheContext(GridKernalContext,GridCacheConfiguration,GridCacheMvccManager<K,V>,GridCacheVersionManager<K,V>,GridCacheEventManager<K,V>,GridCacheSwapManager<K,V>,GridCacheStoreManager<K,V>,GridCacheDeploymentManager<K,V>,GridCacheEvictionManager<K,V>,GridCacheIoManager<K,V>,GridCacheQueryManager<K,V>,GridCacheContinuousQueryManager<K,V>,GridCacheDgcManager<K,V>,GridCacheAffinityManager<K,V>,GridCacheTxManager<K,V>,GridCacheDataStructuresManager<K,V>,GridCacheTtlManager<K,V>,GridCacheDrManager<K,V>)"
"--large-name249--","enlistWriteEntry(GridCacheContext,AffinityTopologyVersion,KeyCacheObject,Object,EntryProcessor<?,?,?>,Object[],ExpiryPolicy,boolean,boolean,CacheEntryPredicate[],GridCacheVersion,long,long,GridCacheReturn,Collection<KeyCacheObject>,boolean,boolean,boolean,boolean,boolean,boolean)"
"--large-name65--","GridCacheContext(GridKernalContext,GridCacheSharedContext,GridCacheConfiguration,GridCacheEventManager<K,V>,GridCacheSwapManager<K,V>,GridCacheStoreManager<K,V>,GridCacheEvictionManager<K,V>,GridCacheQueryManager<K,V>,GridCacheContinuousQueryManager<K,V>,GridCacheAffinityManager<K,V>,GridCacheDataStructuresManager<K,V>,GridCacheTtlManager<K,V>,GridCacheDrManager<K,V>,GridCacheJtaManagerAdapter<K,V>)"
"--large-name236--","GridNearAtomicUpdateFuture(GridCacheContext,GridDhtAtomicCache,CacheWriteSynchronizationMode,GridCacheOperation,Collection<?>,Collection<?>,Object[],Collection<GridCacheDrInfo>,Collection<GridCacheVersion>,boolean,boolean,ExpiryPolicy,CacheEntryPredicate[],UUID,int,boolean,boolean,int,boolean)"
"--large-name42--","GridCacheContinuousQueryHandler(String,Object,GridBiPredicate<UUID,Collection<org.gridgain.grid.cache.query.GridCacheContinuousQueryEntry<K,V>>>,GridPredicate<org.gridgain.grid.cache.query.GridCacheContinuousQueryEntry<K,V>>,GridPredicate<GridCacheEntry<K,V>>,boolean)"
"--large-name7--","GridCacheQueryRequest(long,String,int,GridCacheQueryType,boolean,String,String,GridClosure<Object[],GridPredicate<? super K>>,GridClosure<Object[],GridPredicate<? super V>>,GridClosure<Object[],GridAbsClosure>,GridClosure<Object[],GridAbsClosure>,GridPredicate<GridCacheEntry<K,V>>,GridClosure<Object[],GridReducer<Map.Entry<K,Object>,Object>>,GridClosure<Object[],GridReducer<List<Object>,Object>>,GridClosure<Object[],GridClosure<V,Object>>,GridPredicate<?>,int,boolean,boolean,Object[],Object[],boolean,boolean)"
"--large-name122--","updateAllAsync0(Map<? extends K,? extends V>,Map<? extends K,? extends EntryProcessor>,Object[],Map<? extends K,GridCacheDrInfo<V>>,Map<? extends K,GridCacheVersion>,boolean,boolean,GridCacheEntryEx<K,V>,IgnitePredicate<GridCacheEntry<K,V>>[])"
"--large-name143--","GridCacheQueryRequest(int,long,String,GridCacheQueryType,boolean,String,String,IgniteBiPredicate<Object,Object>,IgnitePredicate<Entry<Object,Object>>,IgniteReducer<Object,Object>,IgniteClosure<Object,Object>,int,boolean,Object[],boolean,boolean,UUID,int)"
"--large-name198--","GridCacheContext(GridKernalContext,GridCacheSharedContext,CacheConfiguration,boolean,GridCacheEventManager,GridCacheSwapManager,GridCacheStoreManager,GridCacheEvictionManager,GridCacheQueryManager<K,V>,CacheContinuousQueryManager,GridCacheAffinityManager,CacheDataStructuresManager,GridCacheTtlManager,GridCacheDrManager,CacheJtaManagerAdapter,CacheConflictResolverManager<K,V>)"
"--large-name218--","GridCacheQueryRequest(int,long,String,GridCacheQueryType,boolean,String,String,IgniteBiPredicate<Object,Object>,Integer,IgniteReducer<Object,Object>,IgniteClosure<Object,Object>,int,boolean,Object[],boolean,boolean,UUID,int,AffinityTopologyVersion)"
"--large-name127--","GridCacheContext(GridKernalContext,GridCacheSharedContext,CacheConfiguration,GridCacheEventManager<K,V>,GridCacheSwapManager<K,V>,GridCacheStoreManager<K,V>,GridCacheEvictionManager<K,V>,GridCacheQueryManager<K,V>,GridCacheContinuousQueryManager<K,V>,GridCacheAffinityManager<K,V>,GridCacheDataStructuresManager<K,V>,GridCacheTtlManager<K,V>,GridCacheDrManager<K,V>,GridCacheJtaManagerAdapter<K,V>)"
"--large-name98--","GridDhtTxFinishRequest(UUID,IgniteUuid,IgniteUuid,long,GridCacheVersion,GridCacheVersion,long,GridCacheTxIsolation,boolean,boolean,boolean,boolean,boolean,boolean,GridCacheVersion,Collection<GridCacheVersion>,Collection<GridCacheVersion>,Collection<GridCacheVersion>,int,Collection<GridCacheTxEntry<K,V>>,Collection<GridCacheTxEntry<K,V>>,Collection<GridCacheTxEntry<K,V>>,boolean,GridCacheTxKey,UUID,int)"
"--large-name239--","innerUpdate(GridCacheVersion,UUID,UUID,GridCacheOperation,Object,Object[],boolean,boolean,boolean,boolean,IgniteCacheExpiryPolicy,boolean,boolean,boolean,boolean,AffinityTopologyVersion,CacheEntryPredicate[],GridDrType,long,long,GridCacheVersion,boolean,boolean,UUID,String,CacheObject,Long)"
"--large-name135--","GridCacheContext(GridKernalContext,GridCacheSharedContext,CacheConfiguration,GridCacheEventManager<K,V>,GridCacheSwapManager<K,V>,GridCacheStoreManager<K,V>,GridCacheEvictionManager<K,V>,GridCacheQueryManager<K,V>,GridCacheContinuousQueryManager<K,V>,GridCacheAffinityManager<K,V>,CacheDataStructuresProcessor<K,V>,GridCacheTtlManager<K,V>,GridCacheDrManager<K,V>,CacheJtaManagerAdapter<K,V>)"
"--large-name156--","GridNearAtomicUpdateFuture(GridCacheContext<K,V>,GridDhtAtomicCache<K,V>,CacheWriteSynchronizationMode,GridCacheOperation,Collection<? extends K>,Collection<?>,Object[],Collection<GridCacheDrInfo<V>>,Collection<GridCacheVersion>,boolean,boolean,ExpiryPolicy,IgnitePredicate<Entry<K,V>>[],UUID,int)"
"--large-name138--","GridJobExecuteRequest(IgniteUuid,IgniteUuid,String,String,String,byte[],ComputeJob,long,long,Collection<UUID>,byte[],Collection<ComputeJobSibling>,byte[],Map<Object,Object>,byte[],Map<? extends Serializable,? extends Serializable>,String,IgniteUuid,DeploymentMode,boolean,Map<UUID,IgniteUuid>,boolean,boolean,boolean,UUID)"
"--large-name50--","GridNearAtomicUpdateFuture(GridCacheContext<K,V>,GridDhtAtomicCache<K,V>,GridCacheWriteSynchronizationMode,GridCacheOperation,Collection<? extends K>,Collection<?>,Collection<GridCacheDrInfo<V>>,Collection<GridCacheVersion>,boolean,boolean,GridCacheEntryEx<K,V>,long,GridPredicate<GridCacheEntry<K,V>>[],UUID,int)"
"--large-name163--","enlistWrite(GridCacheContext,Collection<? extends K>,GridCacheEntryEx,ExpiryPolicy,boolean,Map<? extends K,? extends V>,Map<? extends K,EntryProcessor<K,V,Object>>,Object[],boolean,boolean,IgnitePredicate<Cache.Entry<Object,Object>>[],GridCacheReturn<CacheObject>,Collection<KeyCacheObject>,Map<? extends K,GridCacheDrInfo<V>>,Map<? extends K,GridCacheVersion>)"
"--large-name33--","VisorConfiguration(GridProductLicense,VisorBasicConfig,VisorMetricsConfig,VisorSpisConfig,VisorPeerToPeerConfig,VisorEmailConfig,VisorLifecycleConfig,VisorExecServiceConfig,VisorSegmentationConfig,String,int[],boolean,String,String,Integer,Map<String,?>,Iterable<VisorCacheConfig>,Map<String,String>,Properties)"
"--large-name32--","GridCacheContext(GridKernalContext,GridCacheConfiguration,GridCacheMvccManager<K,V>,GridCacheVersionManager<K,V>,GridCacheEventManager<K,V>,GridCacheSwapManager<K,V>,GridCacheStoreManager<K,V>,GridCacheDeploymentManager<K,V>,GridCacheEvictionManager<K,V>,GridCacheIoManager<K,V>,GridCacheQueryManager<K,V>,GridCacheContinuousQueryManager<K,V>,GridCacheDgcManager<K,V>,GridCacheAffinityManager<K,V>,GridCacheTxManager<K,V>,GridCacheDataStructuresManager<K,V>,GridCacheTtlManager<K,V>,GridCacheDrManager<K,V>,GridCacheJtaManagerAdapter<K,V>)"
"--large-name108--","enlistWrite(GridCacheContext<K,V>,Collection<? extends K>,GridCacheEntryEx<K,V>,ExpiryPolicy,boolean,Map<? extends K,? extends V>,Map<? extends K,? extends IgniteClosure<V,V>>,boolean,boolean,IgnitePredicate<GridCacheEntry<K,V>>[],GridCacheReturn<V>,Collection<K>,Map<? extends K,GridCacheDrInfo<V>>,Map<? extends K,GridCacheVersion>)"
"--large-name24--","updateSingle(UUID,boolean,GridNearAtomicUpdateRequest<K,V>,GridNearAtomicUpdateResponse<K,V>,List<GridDhtCacheEntry<K,V>>,GridCacheVersion,GridDhtAtomicUpdateFuture<K,V>,CI2<GridNearAtomicUpdateRequest<K,V>,GridNearAtomicUpdateResponse<K,V>>,boolean)"
"--large-name170--","innerUpdate(GridCacheVersion,UUID,UUID,GridCacheOperation,Object,Object[],boolean,boolean,IgniteCacheExpiryPolicy,boolean,boolean,boolean,boolean,IgnitePredicate<Cache.Entry<Object,Object>>[],GridDrType,long,long,GridCacheVersion,boolean,boolean,UUID,String)"
"--large-name241--","enlistWrite(GridCacheContext,Collection<?>,ExpiryPolicy,Map<?,?>,Map<?,EntryProcessor<K,V,Object>>,Object[],boolean,boolean,CacheEntryPredicate[],GridCacheReturn,Collection<KeyCacheObject>,Map<KeyCacheObject,GridCacheDrInfo>,Map<KeyCacheObject,GridCacheVersion>,boolean,boolean,boolean)"
"--large-name235--","updatePartialBatch(boolean,int,List<GridDhtCacheEntry>,GridCacheVersion,ClusterNode,List<CacheObject>,Map<KeyCacheObject,CacheObject>,Collection<KeyCacheObject>,Map<KeyCacheObject,EntryProcessor<Object,Object,Object>>,GridDhtAtomicUpdateFuture,CI2<GridNearAtomicUpdateRequest,GridNearAtomicUpdateResponse>,GridNearAtomicUpdateRequest,GridNearAtomicUpdateResponse,boolean,UpdateBatchResult,String,IgniteCacheExpiryPolicy)"
"--large-name172--","enlistWrite(GridCacheContext,Collection<? extends K>,GridCacheEntryEx,ExpiryPolicy,boolean,Map<? extends K,? extends V>,Map<? extends K,EntryProcessor<K,V,Object>>,Object[],boolean,boolean,CacheEntryPredicate[],GridCacheReturn<CacheObject>,Collection<KeyCacheObject>,Map<? extends K,GridCacheDrInfo<V>>,Map<? extends K,GridCacheVersion>)"
"--large-name109--","innerUpdate(GridCacheVersion,UUID,UUID,GridCacheOperation,Object,byte[],boolean,boolean,GridCacheExpiryPolicy,boolean,boolean,boolean,boolean,IgnitePredicate<GridCacheEntry<K,V>>[],GridDrType,long,long,GridCacheVersion,boolean,boolean,UUID,String)"
"--large-name29--","GridDhtTxFinishRequest(UUID,GridUuid,GridUuid,long,GridCacheVersion,GridCacheVersion,long,GridCacheTxIsolation,boolean,boolean,boolean,GridCacheVersion,Collection<GridCacheVersion>,Collection<GridCacheVersion>,Collection<GridCacheVersion>,int,Collection<GridCacheTxEntry<K,V>>,Collection<GridCacheTxEntry<K,V>>,Collection<GridCacheTxEntry<K,V>>,boolean,boolean,Object,UUID)"
"--large-name85--","GridJobExecuteRequest(IgniteUuid,IgniteUuid,String,String,String,byte[],GridComputeJob,long,long,Collection<UUID>,byte[],Collection<GridComputeJobSibling>,byte[],Map<Object,Object>,byte[],Map<? extends Serializable,? extends Serializable>,String,IgniteUuid,GridDeploymentMode,boolean,Map<UUID,IgniteUuid>,boolean,boolean,boolean)"
"--large-name17--","GridCacheQueryRequest(long,String,int,GridCacheQueryType,boolean,String,String,GridPredicate<? super K>,GridPredicate<? super V>,Runnable,Runnable,GridPredicate<GridCacheEntry<K,V>>,GridReducer<Map.Entry<K,Object>,Object>,GridReducer<List<Object>,Object>,GridClosure<V,Object>,GridPredicate<?>,int,boolean,boolean,Object[],boolean,boolean)"
"--large-name74--","GridCacheContinuousQueryHandler(String,Object,IgniteBiPredicate<UUID,Collection<org.gridgain.grid.cache.query.GridCacheContinuousQueryEntry<K,V>>>,GridPredicate<org.gridgain.grid.cache.query.GridCacheContinuousQueryEntry<K,V>>,GridPredicate<GridCacheEntry<K,V>>,boolean)"
"--large-name201--","GridCacheContext(GridKernalContext,GridCacheSharedContext,CacheConfiguration,boolean,GridCacheEventManager,GridCacheSwapManager,CacheStoreManager,GridCacheEvictionManager,GridCacheQueryManager<K,V>,CacheContinuousQueryManager,GridCacheAffinityManager,CacheDataStructuresManager,GridCacheTtlManager,GridCacheDrManager,CacheJtaManagerAdapter,CacheConflictResolutionManager<K,V>,CachePluginManager)"
"--large-name123--","GridCacheContinuousQueryHandler(String,Object,IgniteBiPredicate<UUID,Collection<org.gridgain.grid.cache.query.GridCacheContinuousQueryEntry<K,V>>>,IgnitePredicate<org.gridgain.grid.cache.query.GridCacheContinuousQueryEntry<K,V>>,IgnitePredicate<GridCacheEntry<K,V>>,boolean,boolean)"
"--large-name52--","GridCacheQueryRequest(long,String,GridCacheQueryType,boolean,String,String,GridBiPredicate<Object,Object>,GridPredicate<GridCacheEntry<Object,Object>>,GridReducer<Object,Object>,GridClosure<Object,Object>,int,boolean,Object[],boolean,boolean,UUID)"
"--large-name213--","GridDhtTxRemote(GridCacheSharedContext,UUID,IgniteUuid,UUID,long,AffinityTopologyVersion,GridCacheVersion,GridCacheVersion,boolean,byte,TransactionConcurrency,TransactionIsolation,boolean,long,int,GridCacheVersion,Map<UUID,Collection<UUID>>,UUID,int)"
"--large-name196--","GridCacheContext(GridKernalContext,GridCacheSharedContext,CacheConfiguration,GridCacheEventManager,GridCacheSwapManager,GridCacheStoreManager,GridCacheEvictionManager,GridCacheQueryManager<K,V>,CacheContinuousQueryManager,GridCacheAffinityManager,CacheDataStructuresManager,GridCacheTtlManager,GridCacheDrManager,CacheJtaManagerAdapter,CacheConflictManager<K,V>)"
"--large-name160--","innerUpdate(GridCacheVersion,UUID,UUID,GridCacheOperation,Object,byte[],Object[],boolean,boolean,IgniteCacheExpiryPolicy,boolean,boolean,boolean,boolean,IgnitePredicate<Cache.Entry<Object,Object>>[],GridDrType,long,long,GridCacheVersion,boolean,boolean,UUID,String)"
"--large-name3--","enlistWrite(Collection<? extends K>,GridCacheEntryEx<K,V>,long,boolean,Map<? extends K,? extends V>,Map<? extends K,? extends GridClosure<V,V>>,boolean,boolean,GridPredicate<? super GridCacheEntry<K,V>>[],GridCacheReturn<V>,Collection<K>,Map<? extends K,GridCacheDrInfo<V>>,Map<? extends K,GridCacheVersion>)"
"--large-name100--","GridDhtTxRemote(GridCacheSharedContext<K,V>,UUID,IgniteUuid,UUID,long,long,GridCacheVersion,GridCacheVersion,boolean,GridCacheTxConcurrency,GridCacheTxIsolation,boolean,long,int,GridCacheTxKey,GridCacheVersion,Map<UUID,Collection<UUID>>,UUID,int)"
"--large-name53--","GridCacheQueryRequest(long,String,GridCacheQueryType,boolean,String,String,GridBiPredicate<Object,Object>,GridPredicate<GridCacheEntry<Object,Object>>,GridReducer<Object,Object>,GridClosure<Object,Object>,int,boolean,Object[],boolean,boolean,UUID,int)"
"--large-name136--","GridCacheContext(GridKernalContext,GridCacheSharedContext,CacheConfiguration,GridCacheEventManager<K,V>,GridCacheSwapManager<K,V>,GridCacheStoreManager<K,V>,GridCacheEvictionManager<K,V>,GridCacheQueryManager<K,V>,GridCacheContinuousQueryManager<K,V>,GridCacheAffinityManager<K,V>,CacheDataStructuresManager<K,V>,GridCacheTtlManager<K,V>,GridCacheDrManager<K,V>,CacheJtaManagerAdapter<K,V>)"
"--large-name238--","enlistWrite(GridCacheContext,Collection<?>,ExpiryPolicy,boolean,Map<?,?>,Map<?,EntryProcessor<K,V,Object>>,Object[],boolean,boolean,CacheEntryPredicate[],GridCacheReturn,Collection<KeyCacheObject>,Map<KeyCacheObject,GridCacheDrInfo>,Map<KeyCacheObject,GridCacheVersion>,boolean,boolean,boolean)"
"--large-name137--","GridCacheContinuousQueryHandler(String,Object,IgniteBiPredicate<UUID,Collection<CacheContinuousQueryEntry<K,V>>>,IgnitePredicate<CacheContinuousQueryEntry<K,V>>,IgnitePredicate<CacheEntry<K,V>>,boolean,boolean,boolean,boolean,boolean,int,boolean)"
"--large-name219--","GridCacheContext(GridKernalContext,GridCacheSharedContext,CacheConfiguration,CacheType,boolean,boolean,GridCacheEventManager,GridCacheSwapManager,CacheStoreManager,GridCacheEvictionManager,GridCacheQueryManager<K,V>,CacheContinuousQueryManager,CacheDataStructuresManager,GridCacheTtlManager,GridCacheDrManager,CacheConflictResolutionManager<K,V>,CachePluginManager,GridCacheAffinityManager)"
"--large-name88--","GridDhtTxFinishRequest(UUID,IgniteUuid,IgniteUuid,long,GridCacheVersion,GridCacheVersion,long,GridCacheTxIsolation,boolean,boolean,boolean,boolean,boolean,GridCacheVersion,Collection<GridCacheVersion>,Collection<GridCacheVersion>,Collection<GridCacheVersion>,int,Collection<GridCacheTxEntry<K,V>>,Collection<GridCacheTxEntry<K,V>>,Collection<GridCacheTxEntry<K,V>>,boolean,GridCacheTxKey,UUID,int)"
"--large-name70--","updatePartialBatch(boolean,int,List<GridDhtCacheEntry<K,V>>,GridCacheVersion,ClusterNode,Map<K,V>,Collection<K>,Map<K,GridClosure<V,V>>,GridDhtAtomicUpdateFuture<K,V>,CI2<GridNearAtomicUpdateRequest<K,V>,GridNearAtomicUpdateResponse<K,V>>,GridNearAtomicUpdateRequest<K,V>,GridNearAtomicUpdateResponse<K,V>,boolean,UpdateBatchResult<K,V>,String)"
"--large-name179--","enlistWrite(GridCacheContext,Collection<?>,GridCacheEntryEx,ExpiryPolicy,boolean,Map<?,?>,Map<?,EntryProcessor<K,V,Object>>,Object[],boolean,boolean,CacheEntryPredicate[],GridCacheReturn,Collection<KeyCacheObject>,Map<KeyCacheObject,GridCacheDrInfo>,Map<KeyCacheObject,GridCacheVersion>)"
"--large-name6--","GridCacheQueryInfo(boolean,boolean,GridPredicate<GridCacheEntry<K,V>>,GridClosure<V,Object>,GridReducer<Map.Entry<K,V>,Object>,GridReducer<List<Object>,Object>,GridCacheQueryBaseAdapter<?,?>,int,boolean,boolean,GridCacheQueryFutureAdapter<K,V,?>,UUID,long,boolean,GridPredicate<?>,boolean)"
"--large-name141--","innerUpdate(GridCacheVersion,UUID,UUID,GridCacheOperation,Object,byte[],Object[],boolean,boolean,IgniteCacheExpiryPolicy,boolean,boolean,boolean,boolean,IgnitePredicate<Entry<K,V>>[],GridDrType,long,long,GridCacheVersion,boolean,boolean,UUID,String)"
"--large-name140--","GridCacheContext(GridKernalContext,GridCacheSharedContext,CacheConfiguration,GridCacheEventManager<K,V>,GridCacheSwapManager<K,V>,IgniteCacheSerializationManager<K,V>,GridCacheStoreManager<K,V>,GridCacheEvictionManager<K,V>,GridCacheQueryManager<K,V>,GridCacheContinuousQueryManager<K,V>,GridCacheAffinityManager<K,V>,CacheDataStructuresManager<K,V>,GridCacheTtlManager<K,V>,GridCacheDrManager<K,V>,CacheJtaManagerAdapter<K,V>)"
"--large-name132--","GridCacheQueryRequest(int,long,String,GridCacheQueryType,boolean,String,String,IgniteBiPredicate<Object,Object>,IgnitePredicate<CacheEntry<Object,Object>>,IgniteReducer<Object,Object>,IgniteClosure<Object,Object>,int,boolean,Object[],boolean,boolean,UUID,int)"
"--large-name128--","GridCacheContinuousQueryHandler(String,Object,IgniteBiPredicate<UUID,Collection<org.apache.ignite.cache.query.GridCacheContinuousQueryEntry<K,V>>>,IgnitePredicate<org.apache.ignite.cache.query.GridCacheContinuousQueryEntry<K,V>>,IgnitePredicate<GridCacheEntry<K,V>>,boolean,boolean,boolean,boolean,int,boolean)"
"--large-name82--","GridNearAtomicUpdateFuture(GridCacheContext<K,V>,GridDhtAtomicCache<K,V>,GridCacheWriteSynchronizationMode,GridCacheOperation,Collection<? extends K>,Collection<?>,Collection<GridCacheDrInfo<V>>,Collection<GridCacheVersion>,boolean,boolean,GridCacheEntryEx<K,V>,long,IgnitePredicate<GridCacheEntry<K,V>>[],UUID,int)"
"--large-name161--","GridCacheContext(GridKernalContext,GridCacheSharedContext,CacheConfiguration,GridCacheEventManager,GridCacheSwapManager,IgniteCacheSerializationManager<K,V>,GridCacheStoreManager,GridCacheEvictionManager<K,V>,GridCacheQueryManager<K,V>,CacheContinuousQueryManager<K,V>,GridCacheAffinityManager<K,V>,CacheDataStructuresManager<K,V>,GridCacheTtlManager<K,V>,GridCacheDrManager<K,V>,CacheJtaManagerAdapter<K,V>)"
"--large-name130--","innerUpdate(GridCacheVersion,UUID,UUID,GridCacheOperation,Object,byte[],Object[],boolean,boolean,IgniteCacheExpiryPolicy,boolean,boolean,boolean,boolean,IgnitePredicate<CacheEntry<K,V>>[],GridDrType,long,long,GridCacheVersion,boolean,boolean,UUID,String)"
"--large-name47--","updatePartialBatch(boolean,int,List<GridDhtCacheEntry<K,V>>,GridCacheVersion,UUID,Map<K,V>,Collection<K>,Map<K,GridClosure<V,V>>,GridDhtAtomicUpdateFuture<K,V>,CI2<GridNearAtomicUpdateRequest<K,V>,GridNearAtomicUpdateResponse<K,V>>,GridNearAtomicUpdateRequest<K,V>,GridNearAtomicUpdateResponse<K,V>,boolean,UpdateBatchResult<K,V>,String)"
"--large-name250--","GridNearTxFinishRequest(IgniteUuid,GridCacheVersion,long,boolean,boolean,boolean,byte,CacheWriteSynchronizationMode,boolean,boolean,AffinityTopologyVersion,GridCacheVersion,Collection<GridCacheVersion>,Collection<GridCacheVersion>,int,UUID,int,boolean)"
"--large-name190--","GridDhtTxFinishRequest(UUID,IgniteUuid,IgniteUuid,AffinityTopologyVersion,GridCacheVersion,GridCacheVersion,long,TransactionIsolation,boolean,boolean,boolean,GridIoPolicy,boolean,boolean,boolean,GridCacheVersion,Collection<GridCacheVersion>,Collection<GridCacheVersion>,Collection<GridCacheVersion>,int,IgniteTxKey,UUID,int)"
"--large-name257--","GridCacheSharedContext(GridKernalContext,IgniteTxManager,GridCacheVersionManager,GridCacheMvccManager,GridCacheDeploymentManager<K,V>,GridCachePartitionExchangeManager<K,V>,CacheAffinitySharedManager<K,V>,GridCacheIoManager,GridCacheSharedTtlCleanupManager,CacheJtaManagerAdapter,Collection<CacheStoreSessionListener>)"
"--large-name220--","GridDhtTxFinishRequest(UUID,IgniteUuid,IgniteUuid,AffinityTopologyVersion,GridCacheVersion,GridCacheVersion,long,TransactionIsolation,boolean,boolean,boolean,byte,boolean,boolean,boolean,GridCacheVersion,Collection<GridCacheVersion>,Collection<GridCacheVersion>,Collection<GridCacheVersion>,int,UUID,int,boolean)"
"--large-name189--","GridCacheContext(GridKernalContext,GridCacheSharedContext,CacheConfiguration,boolean,GridCacheEventManager,GridCacheSwapManager,GridCacheStoreManager,GridCacheEvictionManager,GridCacheQueryManager<K,V>,CacheContinuousQueryManager,GridCacheAffinityManager,CacheDataStructuresManager,GridCacheTtlManager,GridCacheDrManager,CacheJtaManagerAdapter)"
"--large-name224--","enlistWrite(GridCacheContext,Collection<?>,ExpiryPolicy,boolean,Map<?,?>,Map<?,EntryProcessor<K,V,Object>>,Object[],boolean,boolean,CacheEntryPredicate[],GridCacheReturn,Collection<KeyCacheObject>,Map<KeyCacheObject,GridCacheDrInfo>,Map<KeyCacheObject,GridCacheVersion>,boolean,boolean)"
"--large-name183--","GridDhtTxFinishRequest(UUID,IgniteUuid,IgniteUuid,AffinityTopologyVersion,GridCacheVersion,GridCacheVersion,long,TransactionIsolation,boolean,boolean,boolean,boolean,boolean,boolean,GridCacheVersion,Collection<GridCacheVersion>,Collection<GridCacheVersion>,Collection<GridCacheVersion>,int,IgniteTxKey,UUID,int)"
"--large-name71--","updateSingle(ClusterNode,boolean,GridNearAtomicUpdateRequest<K,V>,GridNearAtomicUpdateResponse<K,V>,List<GridDhtCacheEntry<K,V>>,GridCacheVersion,GridDhtAtomicUpdateFuture<K,V>,CI2<GridNearAtomicUpdateRequest<K,V>,GridNearAtomicUpdateResponse<K,V>>,boolean,String)"
"--large-name21--","updatePartialBatch(List<GridDhtCacheEntry<K,V>>,GridCacheVersion,UUID,Map<K,V>,Collection<K>,GridDhtAtomicUpdateFuture<K,V>,GridNearAtomicUpdateRequest<K,V>,GridNearAtomicUpdateResponse<K,V>,boolean,Collection<GridBiTuple<GridDhtCacheEntry<K,V>,GridCacheVersion>>)"
"--large-name4--","GridCacheQueueImpl(String,GridCacheQueueHeader,GridCacheInternalKey,GridCacheContext,GridCacheProjection<GridCacheInternalKey,GridCacheQueueHeader>,GridCacheProjection<GridCacheQueueItemKey,GridCacheQueueItem<T>>,GridCacheQueueQueryFactory<T>)"
"--large-name228--","innerUpdate(GridCacheVersion,UUID,UUID,GridCacheOperation,Object,Object[],boolean,boolean,boolean,IgniteCacheExpiryPolicy,boolean,boolean,boolean,boolean,AffinityTopologyVersion,CacheEntryPredicate[],GridDrType,long,long,GridCacheVersion,boolean,boolean,UUID,String,CacheObject,Long)"
"--large-name45--","GridJobExecuteRequest(GridUuid,GridUuid,String,String,String,byte[],GridComputeJob,long,long,Collection<UUID>,byte[],Collection<GridComputeJobSibling>,byte[],Map<Object,Object>,byte[],Map<? extends Serializable,? extends Serializable>,String,GridUuid,GridDeploymentMode,boolean,Map<UUID,GridUuid>,boolean,boolean,boolean,UUID)"
"--large-name166--","updateWithBatch(ClusterNode,boolean,GridNearAtomicUpdateRequest,GridNearAtomicUpdateResponse,List<GridDhtCacheEntry>,GridCacheVersion,GridDhtAtomicUpdateFuture,CI2<GridNearAtomicUpdateRequest,GridNearAtomicUpdateResponse>,boolean,String,IgniteCacheExpiryPolicy)"
"--large-name1--","GridJobExecuteRequest(GridUuid,GridUuid,String,String,String,byte[],GridComputeJob,long,long,byte[],Collection<GridComputeJobSibling>,byte[],Map<Object,Object>,byte[],Map<? extends Serializable,? extends Serializable>,String,GridUuid,GridDeploymentMode,boolean,Map<UUID,GridUuid>,byte[],GridPredicate<GridNode>,boolean,boolean,boolean)"
"--large-name106--","GridNearTxFinishRequest(IgniteUuid,GridCacheVersion,long,boolean,boolean,boolean,boolean,boolean,boolean,boolean,long,GridCacheVersion,Collection<GridCacheVersion>,Collection<GridCacheVersion>,int,Collection<IgniteTxEntry<K,V>>,Collection<IgniteTxEntry<K,V>>,UUID,int)"
"--large-name225--","GridDhtTxRemote(GridCacheSharedContext,UUID,IgniteUuid,UUID,AffinityTopologyVersion,GridCacheVersion,GridCacheVersion,boolean,byte,TransactionConcurrency,TransactionIsolation,boolean,long,int,GridCacheVersion,Map<UUID,Collection<UUID>>,UUID,int,boolean)"
"--large-name76--","updateAllAsync0(Map<? extends K,? extends V>,Map<? extends K,? extends IgniteClosure<V,V>>,Map<? extends K,GridCacheDrInfo<V>>,Map<? extends K,GridCacheVersion>,boolean,boolean,GridCacheEntryEx<K,V>,long,GridPredicate<GridCacheEntry<K,V>>[])"
"--large-name8--","GridDhtTxFinishRequest(UUID,GridUuid,GridUuid,long,GridCacheVersion,GridCacheVersion,long,GridCacheTxIsolation,boolean,boolean,boolean,GridCacheVersion,Collection<GridCacheVersion>,Collection<GridCacheVersion>,Collection<GridCacheVersion>,int,Collection<GridCacheTxEntry<K,V>>,Collection<GridCacheTxEntry<K,V>>,Collection<GridCacheTxEntry<K,V>>,boolean,boolean,Object)"
"--large-name78--","GridCacheQueryRequest(int,long,String,GridCacheQueryType,boolean,String,String,IgniteBiPredicate<Object,Object>,GridPredicate<GridCacheEntry<Object,Object>>,GridReducer<Object,Object>,IgniteClosure<Object,Object>,int,boolean,Object[],boolean,boolean,UUID,int)"
"--large-name28--","GridDistributedTxFinishRequest(GridCacheVersion,GridUuid,GridCacheVersion,long,boolean,boolean,GridCacheVersion,Collection<GridCacheVersion>,Collection<GridCacheVersion>,int,Collection<GridCacheTxEntry<K,V>>,Collection<GridCacheTxEntry<K,V>>,boolean,Object,UUID)"
"--large-name177--","GridCacheContext(GridKernalContext,GridCacheSharedContext,CacheConfiguration,GridCacheEventManager,GridCacheSwapManager,GridCacheStoreManager,GridCacheEvictionManager<K,V>,GridCacheQueryManager<K,V>,CacheContinuousQueryManager<K,V>,GridCacheAffinityManager<K,V>,CacheDataStructuresManager<K,V>,GridCacheTtlManager,GridCacheDrManager,CacheJtaManagerAdapter)"
"--large-name131--","GridNearAtomicUpdateFuture(GridCacheContext<K,V>,GridDhtAtomicCache<K,V>,CacheWriteSynchronizationMode,GridCacheOperation,Collection<? extends K>,Collection<?>,Object[],Collection<GridCacheDrInfo<V>>,Collection<GridCacheVersion>,boolean,boolean,GridCacheEntryEx<K,V>,ExpiryPolicy,IgnitePredicate<CacheEntry<K,V>>[],UUID,int)"
"--large-name185--","GridDhtTxRemote(GridCacheSharedContext<K,V>,UUID,IgniteUuid,UUID,long,AffinityTopologyVersion,GridCacheVersion,GridCacheVersion,boolean,TransactionConcurrency,TransactionIsolation,boolean,long,int,IgniteTxKey,GridCacheVersion,Map<UUID,Collection<UUID>>,UUID,int)"
"--large-name232--","updateWithBatch(ClusterNode,boolean,GridNearAtomicUpdateRequest,GridNearAtomicUpdateResponse,List<GridDhtCacheEntry>,GridCacheVersion,GridDhtAtomicUpdateFuture,CI2<GridNearAtomicUpdateRequest,GridNearAtomicUpdateResponse>,boolean,String,IgniteCacheExpiryPolicy,boolean)"
"--large-name188--","GridCacheContext(GridKernalContext,GridCacheSharedContext,CacheConfiguration,boolean,GridCacheEventManager<K,V>,GridCacheSwapManager<K,V>,IgniteCacheSerializationManager<K,V>,GridCacheStoreManager<K,V>,GridCacheEvictionManager<K,V>,GridCacheQueryManager<K,V>,CacheContinuousQueryManager<K,V>,GridCacheAffinityManager<K,V>,CacheDataStructuresManager<K,V>,GridCacheTtlManager<K,V>,GridCacheDrManager<K,V>,CacheJtaManagerAdapter<K,V>)"
"--large-name254--","GridCacheQueryRequest(int,long,String,GridCacheQueryType,boolean,String,String,IgniteBiPredicate<Object,Object>,Integer,IgniteReducer<Object,Object>,IgniteClosure<?,?>,int,boolean,Object[],boolean,boolean,UUID,int,AffinityTopologyVersion,boolean)"
"--large-name104--","GridDistributedTxFinishRequest(GridCacheVersion,IgniteUuid,GridCacheVersion,long,boolean,boolean,boolean,boolean,boolean,GridCacheVersion,Collection<GridCacheVersion>,Collection<GridCacheVersion>,int,Collection<IgniteTxEntry<K,V>>,Collection<IgniteTxEntry<K,V>>,IgniteTxKey)"
"--large-name243--","enlistWrite(GridCacheContext,Collection<?>,ExpiryPolicy,Map<?,?>,Map<?,EntryProcessor<K,V,Object>>,Object[],boolean,boolean,CacheEntryPredicate[],GridCacheReturn,Collection<KeyCacheObject>,Map<KeyCacheObject,GridCacheDrInfo>,Map<KeyCacheObject,GridCacheVersion>,boolean,boolean,boolean,Byte)"
"--large-name84--","GridCacheContinuousQueryHandler(String,Object,IgniteBiPredicate<UUID,Collection<org.gridgain.grid.cache.query.GridCacheContinuousQueryEntry<K,V>>>,IgnitePredicate<org.gridgain.grid.cache.query.GridCacheContinuousQueryEntry<K,V>>,IgnitePredicate<GridCacheEntry<K,V>>,boolean)"
"--large-name5--","GridDistributedTxFinishRequest(GridCacheVersion,GridUuid,GridCacheVersion,long,boolean,boolean,GridCacheVersion,Collection<GridCacheVersion>,Collection<GridCacheVersion>,int,Collection<GridCacheTxEntry<K,V>>,Collection<GridCacheTxEntry<K,V>>,boolean,Object)"
"--large-name79--","GridCacheQueryRequest(int,long,String,GridCacheQueryType,boolean,String,String,IgniteBiPredicate<Object,Object>,GridPredicate<GridCacheEntry<Object,Object>>,IgniteReducer<Object,Object>,IgniteClosure<Object,Object>,int,boolean,Object[],boolean,boolean,UUID,int)"
"--large-name116--","updateWithBatch(ClusterNode,boolean,GridNearAtomicUpdateRequest<K,V>,GridNearAtomicUpdateResponse<K,V>,List<GridDhtCacheEntry<K,V>>,GridCacheVersion,GridDhtAtomicUpdateFuture<K,V>,CI2<GridNearAtomicUpdateRequest<K,V>,GridNearAtomicUpdateResponse<K,V>>,boolean,String,IgniteCacheExpiryPolicy)"
"--large-name94--","GridCacheQueryAdapter(GridCacheContext<?,?>,IgnitePredicate<GridCacheEntry<Object,Object>>,GridCacheQueryType,IgniteLogger,int,long,boolean,boolean,boolean,ClusterGroup,IgniteBiPredicate<Object,Object>,String,String,boolean,boolean,UUID,int)"
"--large-name169--","GridNearAtomicUpdateFuture(GridCacheContext,GridDhtAtomicCache,CacheWriteSynchronizationMode,GridCacheOperation,Collection<?>,Collection<?>,Object[],Collection<GridCacheDrInfo<?>>,Collection<GridCacheVersion>,boolean,boolean,ExpiryPolicy,IgnitePredicate<Cache.Entry<Object,Object>>[],UUID,int)"
"--large-name149--","GridCacheContinuousQueryHandler(String,Object,IgniteBiPredicate<UUID,Collection<CacheContinuousQueryEntry<K,V>>>,IgnitePredicate<CacheContinuousQueryEntry<K,V>>,IgnitePredicate<Cache.Entry<K,V>>,boolean,boolean,boolean,boolean,boolean,int,boolean)"
"--large-name87--","GridDistributedTxFinishRequest(GridCacheVersion,IgniteUuid,GridCacheVersion,long,boolean,boolean,boolean,boolean,GridCacheVersion,Collection<GridCacheVersion>,Collection<GridCacheVersion>,int,Collection<GridCacheTxEntry<K,V>>,Collection<GridCacheTxEntry<K,V>>,GridCacheTxKey)"
"--large-name182--","GridCacheContext(GridKernalContext,GridCacheSharedContext,CacheConfiguration,GridCacheEventManager,GridCacheSwapManager,GridCacheStoreManager,GridCacheEvictionManager,GridCacheQueryManager<K,V>,CacheContinuousQueryManager,GridCacheAffinityManager,CacheDataStructuresManager,GridCacheTtlManager,GridCacheDrManager,CacheJtaManagerAdapter)"
"--large-name173--","GridCacheContext(GridKernalContext,GridCacheSharedContext,CacheConfiguration,GridCacheEventManager,GridCacheSwapManager,IgniteCacheSerializationManager<K,V>,GridCacheStoreManager,GridCacheEvictionManager<K,V>,GridCacheQueryManager<K,V>,CacheContinuousQueryManager<K,V>,GridCacheAffinityManager<K,V>,CacheDataStructuresManager<K,V>,GridCacheTtlManager,GridCacheDrManager,CacheJtaManagerAdapter)"
"--large-name89--","GridNearTxFinishRequest(IgniteUuid,GridCacheVersion,long,boolean,boolean,boolean,boolean,boolean,long,GridCacheVersion,Collection<GridCacheVersion>,Collection<GridCacheVersion>,int,Collection<GridCacheTxEntry<K,V>>,Collection<GridCacheTxEntry<K,V>>,UUID,int)"
"--large-name46--","GridDhtTxFinishRequest(UUID,GridUuid,GridUuid,long,GridCacheVersion,GridCacheVersion,long,GridCacheTxIsolation,boolean,boolean,boolean,GridCacheVersion,Collection<GridCacheVersion>,Collection<GridCacheVersion>,Collection<GridCacheVersion>,int,Collection<GridCacheTxEntry<K,V>>,Collection<GridCacheTxEntry<K,V>>,Collection<GridCacheTxEntry<K,V>>,boolean,boolean,Object,UUID,int)"
"--large-name125--","GridCacheContinuousQueryHandler(String,Object,IgniteBiPredicate<UUID,Collection<org.gridgain.grid.cache.query.GridCacheContinuousQueryEntry<K,V>>>,IgnitePredicate<org.gridgain.grid.cache.query.GridCacheContinuousQueryEntry<K,V>>,IgnitePredicate<GridCacheEntry<K,V>>,boolean,boolean,boolean,boolean,int)"
"--large-name159--","GridDhtTxRemote(GridCacheSharedContext<K,V>,UUID,IgniteUuid,UUID,long,long,GridCacheVersion,GridCacheVersion,boolean,GridIoPolicy,TransactionConcurrency,TransactionIsolation,boolean,long,int,IgniteTxKey,GridCacheVersion,Map<UUID,Collection<UUID>>,UUID,int)"
"--large-name120--","enlistWrite(GridCacheContext<K,V>,Collection<? extends K>,GridCacheEntryEx<K,V>,ExpiryPolicy,boolean,Map<? extends K,? extends V>,Map<? extends K,EntryProcessor>,Object[],boolean,boolean,IgnitePredicate<GridCacheEntry<K,V>>[],GridCacheReturn<V>,Collection<K>,Map<? extends K,GridCacheDrInfo<V>>,Map<? extends K,GridCacheVersion>)"
"--large-name105--","GridDhtTxFinishRequest(UUID,IgniteUuid,IgniteUuid,long,GridCacheVersion,GridCacheVersion,long,IgniteTxIsolation,boolean,boolean,boolean,boolean,boolean,boolean,GridCacheVersion,Collection<GridCacheVersion>,Collection<GridCacheVersion>,Collection<GridCacheVersion>,int,Collection<IgniteTxEntry<K,V>>,Collection<IgniteTxEntry<K,V>>,Collection<IgniteTxEntry<K,V>>,boolean,IgniteTxKey,UUID,int)"
"--large-name208--","GridDhtTxFinishRequest(UUID,IgniteUuid,IgniteUuid,AffinityTopologyVersion,GridCacheVersion,GridCacheVersion,long,TransactionIsolation,boolean,boolean,boolean,GridIoPolicy,boolean,boolean,boolean,GridCacheVersion,Collection<GridCacheVersion>,Collection<GridCacheVersion>,Collection<GridCacheVersion>,int,UUID,int)"
"--large-name11--","updatePartialBatch(List<GridCacheMapEntry<K,V>>,GridCacheVersion,UUID,Map<K,V>,Collection<K>,GridDhtAtomicUpdateFuture<K,V>,GridNearAtomicUpdateRequest<K,V>,GridNearAtomicUpdateResponse<K,V>,boolean,Collection<GridBiTuple<GridCacheEntryEx<K,V>,GridCacheVersion>>)"
"--large-name27--","updatePartialBatch(boolean,int,List<GridDhtCacheEntry<K,V>>,GridCacheVersion,UUID,Map<K,V>,Collection<K>,Map<K,GridClosure<V,V>>,GridDhtAtomicUpdateFuture<K,V>,CI2<GridNearAtomicUpdateRequest<K,V>,GridNearAtomicUpdateResponse<K,V>>,GridNearAtomicUpdateRequest<K,V>,GridNearAtomicUpdateResponse<K,V>,boolean,UpdateBatchResult<K,V>)"
"--large-name23--","updatePartialBatch(boolean,int,List<GridDhtCacheEntry<K,V>>,GridCacheVersion,UUID,Map<K,V>,Collection<K>,GridDhtAtomicUpdateFuture<K,V>,CI2<GridNearAtomicUpdateRequest<K,V>,GridNearAtomicUpdateResponse<K,V>>,GridNearAtomicUpdateRequest<K,V>,GridNearAtomicUpdateResponse<K,V>,boolean,UpdateBatchResult<K,V>)"
"--large-name227--","enlistWriteEntry(GridCacheContext,KeyCacheObject,Object,EntryProcessor<?,?,?>,Object[],ExpiryPolicy,boolean,boolean,CacheEntryPredicate[],GridCacheVersion,long,long,GridCacheReturn,Collection<KeyCacheObject>,boolean,boolean,boolean,boolean,boolean)"
"--large-name58--","GridCacheContext(GridKernalContext,GridCacheConfiguration,GridCacheMvccManager<K,V>,GridCacheVersionManager<K,V>,GridCacheEventManager<K,V>,GridCacheSwapManager<K,V>,GridCacheStoreManager<K,V>,GridCacheDeploymentManager<K,V>,GridCacheEvictionManager<K,V>,GridCacheQueryManager<K,V>,GridCacheContinuousQueryManager<K,V>,GridCacheDgcManager<K,V>,GridCacheAffinityManager<K,V>,GridCacheTxManager<K,V>,GridCacheDataStructuresManager<K,V>,GridCacheTtlManager<K,V>,GridCacheDrManager<K,V>,GridCacheJtaManagerAdapter<K,V>)"
"--large-name207--","innerUpdate(GridCacheVersion,UUID,UUID,GridCacheOperation,Object,Object[],boolean,boolean,boolean,IgniteCacheExpiryPolicy,boolean,boolean,boolean,boolean,AffinityTopologyVersion,CacheEntryPredicate[],GridDrType,long,long,GridCacheVersion,boolean,boolean,UUID,String)"
"--large-name19--","GridCacheQueryInfo(boolean,GridPredicate<GridCacheEntry<K,V>>,GridClosure<V,Object>,GridReducer<Map.Entry<K,V>,Object>,GridReducer<List<Object>,Object>,GridCacheQueryAdapter<?>,int,boolean,GridCacheQueryFutureAdapter<K,V,?>,UUID,long,boolean,boolean,Object[])"
"--large-name247--","GridDhtTxLocal(GridCacheSharedContext,AffinityTopologyVersion,UUID,GridCacheVersion,IgniteUuid,IgniteUuid,long,boolean,boolean,boolean,boolean,byte,TransactionConcurrency,TransactionIsolation,long,boolean,boolean,boolean,int,Map<UUID,Collection<UUID>>,UUID,int)"
"--large-name99--","GridDhtTxLocal(GridCacheSharedContext<K,V>,UUID,GridCacheVersion,IgniteUuid,IgniteUuid,long,boolean,boolean,boolean,GridCacheTxConcurrency,GridCacheTxIsolation,long,boolean,boolean,int,GridCacheTxKey,boolean,Map<UUID,Collection<UUID>>,UUID,int)"
"--large-name187--","GridNearAtomicUpdateFuture(GridCacheContext<K,V>,GridDhtAtomicCache<K,V>,CacheWriteSynchronizationMode,GridCacheOperation,Collection<? extends K>,Collection<?>,Object[],Collection<GridCacheDrInfo<V>>,Collection<GridCacheVersion>,boolean,boolean,ExpiryPolicy,IgnitePredicate<Cache.Entry<K,V>>[],UUID,int)"
"--large-name16--","GridCacheQueryInfo(boolean,boolean,GridPredicate<GridCacheEntry<K,V>>,GridClosure<V,Object>,GridReducer<Map.Entry<K,V>,Object>,GridReducer<List<Object>,Object>,GridCacheQueryBaseAdapter<K,V,GridCacheQueryBase>,int,boolean,boolean,GridCacheQueryFutureAdapter<K,V,?>,UUID,long,boolean,GridPredicate<?>,boolean)"
"--large-name231--","updateSingle(ClusterNode,boolean,GridNearAtomicUpdateRequest,GridNearAtomicUpdateResponse,List<GridDhtCacheEntry>,GridCacheVersion,GridDhtAtomicUpdateFuture,CI2<GridNearAtomicUpdateRequest,GridNearAtomicUpdateResponse>,boolean,String,IgniteCacheExpiryPolicy,boolean)"
"--large-name210--","GridCacheContext(GridKernalContext,GridCacheSharedContext,CacheConfiguration,CacheType,boolean,boolean,GridCacheEventManager,GridCacheSwapManager,CacheStoreManager,GridCacheEvictionManager,GridCacheQueryManager<K,V>,CacheContinuousQueryManager,GridCacheAffinityManager,CacheDataStructuresManager,GridCacheTtlManager,GridCacheDrManager,CacheJtaManagerAdapter,CacheConflictResolutionManager<K,V>,CachePluginManager)"
"--large-name167--","GridNearAtomicUpdateFuture(GridCacheContext,GridDhtAtomicCache,CacheWriteSynchronizationMode,GridCacheOperation,Collection<Object>,Collection<?>,Object[],Collection<GridCacheDrInfo<Object>>,Collection<GridCacheVersion>,boolean,boolean,ExpiryPolicy,IgnitePredicate<Cache.Entry<Object,Object>>[],UUID,int)"
"--large-name176--","updatePartialBatch(boolean,int,List<GridDhtCacheEntry>,GridCacheVersion,ClusterNode,List<CacheObject>,Map<Object,Object>,Collection<Object>,Map<KeyCacheObject,EntryProcessor<Object,Object,Object>>,GridDhtAtomicUpdateFuture,CI2<GridNearAtomicUpdateRequest,GridNearAtomicUpdateResponse>,GridNearAtomicUpdateRequest,GridNearAtomicUpdateResponse,boolean,UpdateBatchResult,String,IgniteCacheExpiryPolicy)"
"--large-name142--","GridNearAtomicUpdateFuture(GridCacheContext<K,V>,GridDhtAtomicCache<K,V>,CacheWriteSynchronizationMode,GridCacheOperation,Collection<? extends K>,Collection<?>,Object[],Collection<GridCacheDrInfo<V>>,Collection<GridCacheVersion>,boolean,boolean,GridCacheEntryEx<K,V>,ExpiryPolicy,IgnitePredicate<Entry<K,V>>[],UUID,int)"
"--large-name10--","updateAllAsync0(Map<? extends K,? extends V>,Map<? extends K,? extends GridClosure<V,V>>,Map<? extends K,GridCacheDrInfo<V>>,Map<? extends K,GridCacheVersion>,boolean,boolean,GridCacheEntryEx<K,V>,long,GridPredicate<? super GridCacheEntry<K,V>>[])"
"--large-name253--","GridJobExecuteRequest(IgniteUuid,IgniteUuid,String,String,String,byte[],ComputeJob,long,long,Collection<UUID>,byte[],Collection<ComputeJobSibling>,byte[],Map<Object,Object>,byte[],Map<? extends Serializable,? extends Serializable>,String,IgniteUuid,DeploymentMode,boolean,Map<UUID,IgniteUuid>,boolean,boolean,boolean,UUID,int[],int,AffinityTopologyVersion)"
"--large-name48--","updateSingle(UUID,boolean,GridNearAtomicUpdateRequest<K,V>,GridNearAtomicUpdateResponse<K,V>,List<GridDhtCacheEntry<K,V>>,GridCacheVersion,GridDhtAtomicUpdateFuture<K,V>,CI2<GridNearAtomicUpdateRequest<K,V>,GridNearAtomicUpdateResponse<K,V>>,boolean,String)"
"--large-name91--","GridJobExecuteRequestV2(IgniteUuid,IgniteUuid,String,String,String,byte[],ComputeJob,long,long,Collection<UUID>,byte[],Collection<GridComputeJobSibling>,byte[],Map<Object,Object>,byte[],Map<? extends Serializable,? extends Serializable>,String,IgniteUuid,GridDeploymentMode,boolean,Map<UUID,IgniteUuid>,boolean,boolean,boolean,UUID)"
"--large-name66--","GridCacheQueryRequest(int,long,String,GridCacheQueryType,boolean,String,String,GridBiPredicate<Object,Object>,GridPredicate<GridCacheEntry<Object,Object>>,GridReducer<Object,Object>,GridClosure<Object,Object>,int,boolean,Object[],boolean,boolean,UUID,int)"
"--large-name60--","GridDistributedTxFinishRequest(GridCacheVersion,GridUuid,GridCacheVersion,long,boolean,boolean,GridCacheVersion,Collection<GridCacheVersion>,Collection<GridCacheVersion>,int,Collection<GridCacheTxEntry<K,V>>,Collection<GridCacheTxEntry<K,V>>,boolean,GridCacheTxKey)"
"--large-name126--","GridCacheContinuousQueryHandler(String,Object,IgniteBiPredicate<UUID,Collection<org.gridgain.grid.cache.query.GridCacheContinuousQueryEntry<K,V>>>,IgnitePredicate<org.gridgain.grid.cache.query.GridCacheContinuousQueryEntry<K,V>>,IgnitePredicate<GridCacheEntry<K,V>>,boolean,boolean,boolean,boolean,int,boolean)"
"--large-name57--","updateWithBatch(GridNode,boolean,GridNearAtomicUpdateRequest<K,V>,GridNearAtomicUpdateResponse<K,V>,List<GridDhtCacheEntry<K,V>>,GridCacheVersion,GridDhtAtomicUpdateFuture<K,V>,CI2<GridNearAtomicUpdateRequest<K,V>,GridNearAtomicUpdateResponse<K,V>>,boolean,String)"
"--large-name112--","updateWithBatch(ClusterNode,boolean,GridNearAtomicUpdateRequest<K,V>,GridNearAtomicUpdateResponse<K,V>,List<GridDhtCacheEntry<K,V>>,GridCacheVersion,GridDhtAtomicUpdateFuture<K,V>,CI2<GridNearAtomicUpdateRequest<K,V>,GridNearAtomicUpdateResponse<K,V>>,boolean,String,GridCacheExpiryPolicy)"
"--large-name118--","updatePartialBatch(boolean,int,List<GridDhtCacheEntry<K,V>>,GridCacheVersion,ClusterNode,Map<K,V>,Collection<K>,Map<K,EntryProcessor<K,V,?>>,GridDhtAtomicUpdateFuture<K,V>,CI2<GridNearAtomicUpdateRequest<K,V>,GridNearAtomicUpdateResponse<K,V>>,GridNearAtomicUpdateRequest<K,V>,GridNearAtomicUpdateResponse<K,V>,boolean,UpdateBatchResult<K,V>,String,IgniteCacheExpiryPolicy)"
"--large-name18--","GridCacheQueueImpl(String,GridCacheQueueHeader,GridCacheInternalKey,GridCacheContext<?,?>,GridCacheProjection<GridCacheInternalKey,GridCacheQueueHeader>,GridCacheProjection<GridCacheQueueItemKey,GridCacheQueueItem<T>>,GridCacheQueueQueryFactory<T>)"
"--large-name40--","VisorSpisConfig(GridBiTuple<String,Map<String,Object>>,GridBiTuple<String,Map<String,Object>>,GridBiTuple<String,Map<String,Object>>,GridBiTuple<String,Map<String,Object>>,GridBiTuple<String,Map<String,Object>>,GridBiTuple<String,Map<String,Object>>,GridBiTuple<String,Map<String,Object>>,GridBiTuple<String,Map<String,Object>>[],GridBiTuple<String,Map<String,Object>>[],GridBiTuple<String,Map<String,Object>>[],GridBiTuple<String,Map<String,Object>>,GridBiTuple<String,Map<String,Object>>[])"
"--large-name121--","enlistWrite(GridCacheContext<K,V>,Collection<? extends K>,GridCacheEntryEx<K,V>,ExpiryPolicy,boolean,Map<? extends K,? extends V>,Map<? extends K,EntryProcessor<K,V,Object>>,Object[],boolean,boolean,IgnitePredicate<GridCacheEntry<K,V>>[],GridCacheReturn<V>,Collection<K>,Map<? extends K,GridCacheDrInfo<V>>,Map<? extends K,GridCacheVersion>)"
"--large-name193--","GridNearTxPrepareRequest(IgniteUuid,AffinityTopologyVersion,IgniteInternalTx,Collection<IgniteTxEntry>,Collection<IgniteTxEntry>,IgniteTxKey,boolean,boolean,Map<UUID,Collection<UUID>>,boolean,Collection<UUID>,boolean,boolean,boolean,UUID,int)"
"--large-name83--","GridCacheQueryRequest(int,long,String,GridCacheQueryType,boolean,String,String,IgniteBiPredicate<Object,Object>,IgnitePredicate<GridCacheEntry<Object,Object>>,IgniteReducer<Object,Object>,IgniteClosure<Object,Object>,int,boolean,Object[],boolean,boolean,UUID,int)"
"--large-name110--","updatePartialBatch(boolean,int,List<GridDhtCacheEntry<K,V>>,GridCacheVersion,ClusterNode,Map<K,V>,Collection<K>,Map<K,IgniteClosure<V,V>>,GridDhtAtomicUpdateFuture<K,V>,CI2<GridNearAtomicUpdateRequest<K,V>,GridNearAtomicUpdateResponse<K,V>>,GridNearAtomicUpdateRequest<K,V>,GridNearAtomicUpdateResponse<K,V>,boolean,UpdateBatchResult<K,V>,String,GridCacheExpiryPolicy)"
"--large-name62--","GridNearTxRemote(UUID,UUID,GridCacheVersion,long,GridCacheVersion,GridCacheVersion,GridCacheTxConcurrency,GridCacheTxIsolation,boolean,long,GridCacheTxKey<K>,byte[],V,byte[],GridCacheVersion,GridCacheSharedContext<K,V>,int,GridCacheTxKey,UUID,int)"
"--large-name151--","GridCacheContext(GridKernalContext,GridCacheSharedContext,CacheConfiguration,GridCacheEventManager<K,V>,GridCacheSwapManager<K,V>,IgniteCacheSerializationManager<K,V>,GridCacheStoreManager<K,V>,GridCacheEvictionManager<K,V>,GridCacheQueryManager<K,V>,CacheContinuousQueryManager<K,V>,GridCacheAffinityManager<K,V>,CacheDataStructuresManager<K,V>,GridCacheTtlManager<K,V>,GridCacheDrManager<K,V>,CacheJtaManagerAdapter<K,V>)"
"--large-name242--","enlistWriteEntry(GridCacheContext,KeyCacheObject,Object,EntryProcessor<?,?,?>,Object[],ExpiryPolicy,boolean,boolean,CacheEntryPredicate[],GridCacheVersion,long,long,GridCacheReturn,Collection<KeyCacheObject>,boolean,boolean,boolean,boolean,boolean,boolean)"
"--large-name162--","GridNearAtomicUpdateFuture(GridCacheContext<K,V>,GridDhtAtomicCache<K,V>,CacheWriteSynchronizationMode,GridCacheOperation,Collection<? extends K>,Collection<?>,Object[],Collection<GridCacheDrInfo<V>>,Collection<GridCacheVersion>,boolean,boolean,GridCacheEntryEx,ExpiryPolicy,IgnitePredicate<Cache.Entry<K,V>>[],UUID,int)"
"--large-name38--","VisorGridConfig(GridProductLicense,VisorBasicConfig,VisorMetricsConfig,VisorSpisConfig,VisorPeerToPeerConfig,VisorEmailConfig,VisorLifecycleConfig,VisorExecServiceConfig,VisorSegmentationConfig,String,int[],VisorRestConfig,Map<String,?>,Iterable<VisorCacheConfig>,Iterable<VisorGgfsConfig>,Iterable<VisorStreamerConfig>,VisorDrSenderHubConfig,VisorDrReceiverHubConfig,Map<String,String>,Properties)"
"--large-name175--","enlistWrite(GridCacheContext,Collection<?>,GridCacheEntryEx,ExpiryPolicy,boolean,Map<?,?>,Map<?,EntryProcessor<K,V,Object>>,Object[],boolean,boolean,CacheEntryPredicate[],GridCacheReturn<CacheObject>,Collection<KeyCacheObject>,Map<KeyCacheObject,GridCacheDrInfo>,Map<KeyCacheObject,GridCacheVersion>)"
"--large-name153--","GridDhtTxFinishRequest(UUID,IgniteUuid,IgniteUuid,long,GridCacheVersion,GridCacheVersion,long,TransactionIsolation,boolean,boolean,boolean,boolean,boolean,boolean,GridCacheVersion,Collection<GridCacheVersion>,Collection<GridCacheVersion>,Collection<GridCacheVersion>,int,IgniteTxKey,UUID,int)"
"--large-name41--","VisorSpisConfig(T2<String,Map<String,Object>>,T2<String,Map<String,Object>>,T2<String,Map<String,Object>>,T2<String,Map<String,Object>>,T2<String,Map<String,Object>>,T2<String,Map<String,Object>>,T2<String,Map<String,Object>>,T2<String,Map<String,Object>>[],T2<String,Map<String,Object>>[],T2<String,Map<String,Object>>[],T2<String,Map<String,Object>>,T2<String,Map<String,Object>>[])"
"--large-name154--","GridDhtTxLocal(GridCacheSharedContext<K,V>,UUID,GridCacheVersion,IgniteUuid,IgniteUuid,long,boolean,boolean,boolean,TransactionConcurrency,TransactionIsolation,long,boolean,boolean,int,IgniteTxKey,boolean,Map<UUID,Collection<UUID>>,UUID,int)"
"--large-name205--","GridNearAtomicUpdateFuture(GridCacheContext,GridDhtAtomicCache,CacheWriteSynchronizationMode,GridCacheOperation,Collection<?>,Collection<?>,Object[],Collection<GridCacheDrInfo>,Collection<GridCacheVersion>,boolean,boolean,ExpiryPolicy,CacheEntryPredicate[],UUID,int,boolean)"
"--large-name194--","innerUpdate(GridCacheVersion,UUID,UUID,GridCacheOperation,Object,Object[],boolean,boolean,IgniteCacheExpiryPolicy,boolean,boolean,boolean,boolean,AffinityTopologyVersion,CacheEntryPredicate[],GridDrType,long,long,GridCacheVersion,boolean,boolean,UUID,String)"
"--large-name214--","GridNearAtomicUpdateFuture(GridCacheContext,GridDhtAtomicCache,CacheWriteSynchronizationMode,GridCacheOperation,Collection<?>,Collection<?>,Object[],Collection<GridCacheDrInfo>,Collection<GridCacheVersion>,boolean,boolean,ExpiryPolicy,CacheEntryPredicate[],UUID,int,boolean,int,boolean)"
"--large-name68--","GridDhtTxFinishRequest(UUID,GridUuid,GridUuid,long,GridCacheVersion,GridCacheVersion,long,GridCacheTxIsolation,boolean,boolean,boolean,boolean,boolean,GridCacheVersion,Collection<GridCacheVersion>,Collection<GridCacheVersion>,Collection<GridCacheVersion>,int,Collection<GridCacheTxEntry<K,V>>,Collection<GridCacheTxEntry<K,V>>,Collection<GridCacheTxEntry<K,V>>,boolean,GridCacheTxKey,UUID,int)"
"--large-name222--","GridNearTxPrepareRequest(IgniteUuid,AffinityTopologyVersion,IgniteInternalTx,Collection<IgniteTxEntry>,Collection<IgniteTxEntry>,boolean,Map<UUID,Collection<UUID>>,boolean,Collection<UUID>,boolean,boolean,boolean,boolean,UUID,int,boolean,boolean)"
"--large-name113--","innerUpdate(GridCacheVersion,UUID,UUID,GridCacheOperation,Object,byte[],boolean,boolean,IgniteCacheExpiryPolicy,boolean,boolean,boolean,boolean,IgnitePredicate<GridCacheEntry<K,V>>[],GridDrType,long,long,GridCacheVersion,boolean,boolean,UUID,String)"
"--large-name165--","updateSingle(ClusterNode,boolean,GridNearAtomicUpdateRequest,GridNearAtomicUpdateResponse,List<GridDhtCacheEntry>,GridCacheVersion,GridDhtAtomicUpdateFuture,CI2<GridNearAtomicUpdateRequest,GridNearAtomicUpdateResponse>,boolean,String,IgniteCacheExpiryPolicy)"
"--large-name59--","enlistWrite(GridCacheContext<K,V>,Collection<? extends K>,GridCacheEntryEx<K,V>,long,boolean,Map<? extends K,? extends V>,Map<? extends K,? extends GridClosure<V,V>>,boolean,boolean,GridPredicate<GridCacheEntry<K,V>>[],GridCacheReturn<V>,Collection<K>,Map<? extends K,GridCacheDrInfo<V>>,Map<? extends K,GridCacheVersion>)"
"--large-name226--","enlistWrite(GridCacheContext,Collection<?>,ExpiryPolicy,Map<?,?>,Map<?,EntryProcessor<K,V,Object>>,Object[],boolean,boolean,CacheEntryPredicate[],GridCacheReturn,Collection<KeyCacheObject>,Map<KeyCacheObject,GridCacheDrInfo>,Map<KeyCacheObject,GridCacheVersion>,boolean,boolean)"
"--large-name192--","GridDhtTxRemote(GridCacheSharedContext,UUID,IgniteUuid,UUID,long,AffinityTopologyVersion,GridCacheVersion,GridCacheVersion,boolean,GridIoPolicy,TransactionConcurrency,TransactionIsolation,boolean,long,int,IgniteTxKey,GridCacheVersion,Map<UUID,Collection<UUID>>,UUID,int)"
"--large-name134--","GridJobExecuteRequest(IgniteUuid,IgniteUuid,String,String,String,byte[],ComputeJob,long,long,Collection<UUID>,byte[],Collection<ComputeJobSibling>,byte[],Map<Object,Object>,byte[],Map<? extends Serializable,? extends Serializable>,String,IgniteUuid,IgniteDeploymentMode,boolean,Map<UUID,IgniteUuid>,boolean,boolean,boolean,UUID)"
"--large-name97--","GridDistributedTxFinishRequest(GridCacheVersion,IgniteUuid,GridCacheVersion,long,boolean,boolean,boolean,boolean,boolean,GridCacheVersion,Collection<GridCacheVersion>,Collection<GridCacheVersion>,int,Collection<GridCacheTxEntry<K,V>>,Collection<GridCacheTxEntry<K,V>>,GridCacheTxKey)"
"--large-name150--","enlistWrite(GridCacheContext<K,V>,Collection<? extends K>,GridCacheEntryEx<K,V>,ExpiryPolicy,boolean,Map<? extends K,? extends V>,Map<? extends K,EntryProcessor<K,V,Object>>,Object[],boolean,boolean,IgnitePredicate<Cache.Entry<K,V>>[],GridCacheReturn<V>,Collection<K>,Map<? extends K,GridCacheDrInfo<V>>,Map<? extends K,GridCacheVersion>)"
"--large-name43--","GridCacheQueryRequest(long,String,GridCacheQueryType,boolean,String,String,GridBiPredicate<Object,Object>,GridPredicate<GridCacheEntry<Object,Object>>,GridReducer<Object,Object>,GridClosure<Object,Object>,int,boolean,Object[],boolean,boolean,boolean)"
"--large-name157--","GridDhtTxFinishRequest(UUID,IgniteUuid,IgniteUuid,long,GridCacheVersion,GridCacheVersion,long,TransactionIsolation,boolean,boolean,boolean,GridIoPolicy,boolean,boolean,boolean,GridCacheVersion,Collection<GridCacheVersion>,Collection<GridCacheVersion>,Collection<GridCacheVersion>,int,IgniteTxKey,UUID,int)"
"--large-name252--","innerUpdate(GridCacheVersion,UUID,UUID,GridCacheOperation,Object,Object[],boolean,boolean,boolean,boolean,IgniteCacheExpiryPolicy,boolean,boolean,boolean,boolean,AffinityTopologyVersion,CacheEntryPredicate[],GridDrType,long,long,GridCacheVersion,boolean,boolean,UUID,String,CacheObject,Long,GridDhtAtomicUpdateFuture)"
"--large-name248--","enlistWrite(GridCacheContext,AffinityTopologyVersion,Collection<?>,ExpiryPolicy,Map<?,?>,Map<?,EntryProcessor<K,V,Object>>,Object[],boolean,boolean,CacheEntryPredicate[],GridCacheReturn,Collection<KeyCacheObject>,Map<KeyCacheObject,GridCacheDrInfo>,Map<KeyCacheObject,GridCacheVersion>,boolean,boolean,boolean,Byte)"